hub_file,slug,title,highlight,values,flags,verified
numbers.csv,stress-check-kigen,ストレスチェックの実施期限・対象人数,常時50人以上 / 1年に1回程度,常時50人以上を雇用する事業場 | 1年に1回程度 | 一定期間内に実施（要領で確認） | 紙または電子の方法 | 事業場全体の分析・改善,verify_official,OK
numbers.csv,choujikan-mensetsu,長時間労働者への面接指導（時間・人数）,月100時間超 / 2〜6か月平均80時間超 等,時間外＋休日労働が100時間を超えた場合 | 2〜6か月平均で80時間超かつ上限超過 | 医師 | 面接の機会確保・就業上の措置等 | 個人の長時間労働が要件,maybe_missing_digit;verify_official,OK
numbers.csv,kanrishoku-kenshu,管理監督者への教育研修時間,計画的実施 / ストレスチェック結果の周知,事業者が計画的に実施 | 分析結果を労働者に周知 | 集団分析等の後、一定期間内 | サインの見方・相談体制・ラインケア | 実施状況の記録・保存,concept_page,
numbers.csv,kyushoku-kikan,休職・復職に関する期間の目安,個別判断 / 段階的復職,主治医の意見等に基づき個別判断 | 短時間・軽作業から段階的に拡大 | 必要最小限・プライバシー配慮 | 復職可否判断の参考 | 復職後もフォロー,concept_page;maybe_missing_digit,
numbers.csv,shiken-goukaku,試験の合格点・科目配点（II種）,100点満点 / 70点以上で合格,選択問題のみ | 100点満点 | 70点以上 | 2時間（選択問題） | 公式テキスト第6版（2026年11月以降）,verify_official,OK
numbers.csv,juken-shikaku,受験資格・実務経験の年数（II種）,学歴・年齢・実務年数の制限なし,制限なし | 制限なし | 年数要件なし | 希望コースを選択可 | 公開試験 受験要項,concept_page;maybe_missing_digit,
numbers.csv,harassment-taisaku,ハラスメント防止措置の期限,事業者の措置義務 / 相談体制,事業者は防止措置を講じる | 相談窓口の設置・周知 | 相談受理後は遅滞なく調査 | 再発防止措置の実施 | 別制度,concept_page,
numbers.csv,kenshin-metabo,健康診断・メタボリックシンドローム関連数値,腹囲 85cm / 90cm（目安）,事業者が1年に1回実施 | 85cm以上で基準該当（代表値） | 90cm以上で基準該当（代表値） | 保険者による保健指導 | 健診結果の評価・就業上措置,verify_official,OK
numbers.csv,sodan-taisei,相談体制整備の人数基準,事業場規模 / 相談窓口,事業者は相談体制を整備 | 常時50人以上 | 内部・外部の窓口設置 | 相談内容の適切管理 | 相談先の周知,verify_official,OK-practice
numbers.csv,shiken-nittei-2026,試験日程・申込期限（2026年度）,年2回 / 申込期間は要項参照,2026年11月1日（日） | 9月4日〜9月17日 | 2027年3月21日（日） | 2027年1月22日〜2月4日 | 2時間（10:00集合）,verify_official,OK-practice
numbers.csv,s31-stress-year-cycle,ストレスチェック年間運用の目安,数値は一次情報で最新確認,要項・規則確認 | 対象者・規模を確認 | 年間計画で管理 | 数値+条件で暗記,concept_page;maybe_missing_digit,
numbers.csv,s31-mensetsu-threshold,面接指導の閾値整理,数値は一次情報で最新確認,要項・規則確認 | 対象者・規模を確認 | 年間計画で管理 | 数値+条件で暗記,concept_page;maybe_missing_digit,
numbers.csv,s31-kenshu-frequency,管理監督者研修の実施頻度,数値は一次情報で最新確認,要項・規則確認 | 対象者・規模を確認 | 年間計画で管理 | 数値+条件で暗記,concept_page;maybe_missing_digit,
numbers.csv,s31-fukki-step-days,段階的復職ステップ管理,数値は一次情報で最新確認,要項・規則確認 | 対象者・規模を確認 | 年間計画で管理 | 数値+条件で暗記,concept_page;maybe_missing_digit,
numbers.csv,s31-harassment-response-time,ハラスメント初動対応の時間軸,数値は一次情報で最新確認,要項・規則確認 | 対象者・規模を確認 | 年間計画で管理 | 数値+条件で暗記,concept_page;maybe_missing_digit,
numbers.csv,s31-consult-window-capacity,相談窓口運用の件数管理,数値は一次情報で最新確認,要項・規則確認 | 対象者・規模を確認 | 年間計画で管理 | 数値+条件で暗記,concept_page;maybe_missing_digit,
numbers.csv,s31-committee-cycle,衛生委員会報告サイクル,数値は一次情報で最新確認,要項・規則確認 | 対象者・規模を確認 | 年間計画で管理 | 数値+条件で暗記,concept_page;maybe_missing_digit,
numbers.csv,s31-record-retention,相談・健診記録の保存確認,数値は一次情報で最新確認,要項・規則確認 | 対象者・規模を確認 | 年間計画で管理 | 数値+条件で暗記,concept_page;maybe_missing_digit,
numbers.csv,s31-exam-study-cycle,学習サイクルの配分目安,数値は一次情報で最新確認,要項・規則確認 | 対象者・規模を確認 | 年間計画で管理 | 数値+条件で暗記,concept_page;maybe_missing_digit,
numbers.csv,s31-youkou-check-timing,要項確認タイミングの管理,数値は一次情報で最新確認,要項・規則確認 | 対象者・規模を確認 | 年間計画で管理 | 数値+条件で暗記,concept_page;maybe_missing_digit,
numbers.csv,s32-fukki-step,段階的復職のステップ目安,数値は一次情報で最新確認,要項・規則確認 | 対象者・規模を確認 | 年間計画で管理 | 数値+条件で暗記,concept_page;maybe_missing_digit,
numbers.csv,s32-kyushoku-period,休職期間の管理・記録,数値は一次情報で最新確認,要項・規則確認 | 対象者・規模を確認 | 年間計画で管理 | 数値+条件で暗記,concept_page;maybe_missing_digit,
numbers.csv,s32-mensetsu-timing,医師面接・面接指導の実施タイミング,数値は一次情報で最新確認,要項・規則確認 | 対象者・規模を確認 | 年間計画で管理 | 数値+条件で暗記,concept_page;maybe_missing_digit,
numbers.csv,s32-shudan-cycle,集団分析の実施サイクル（構造・取扱い）,数値は一次情報で最新確認,要項・規則確認 | 対象者・規模を確認 | 年間計画で管理 | 数値+条件で暗記,concept_page;maybe_missing_digit,
numbers.csv,s32-stress-implementation,ストレスチェック実施率の目安,数値は一次情報で最新確認,要項・規則確認 | 対象者・規模を確認 | 年間計画で管理 | 数値+条件で暗記,concept_page;maybe_missing_digit,
numbers.csv,s32-harassment-response,ハラスメント初動の対応時間,数値は一次情報で最新確認,要項・規則確認 | 対象者・規模を確認 | 年間計画で管理 | 数値+条件で暗記,concept_page;maybe_missing_digit,
numbers.csv,s32-kenshu-hours,管理監督者研修の時間・頻度,数値は一次情報で最新確認,要項・規則確認 | 対象者・規模を確認 | 年間計画で管理 | 数値+条件で暗記,concept_page;maybe_missing_digit,
numbers.csv,s32-record-retention-s32,相談記録の保存・管理,数値は一次情報で最新確認,要項・規則確認 | 対象者・規模を確認 | 年間計画で管理 | 数値+条件で暗記,concept_page;maybe_missing_digit,
numbers.csv,s32-exam-study-weeks,試験学習の週数配分,数値は一次情報で最新確認,要項・規則確認 | 対象者・規模を確認 | 年間計画で管理 | 数値+条件で暗記,concept_page;maybe_missing_digit,
numbers.csv,s32-youkou-review,要項・ガイドライン確認回数,数値は一次情報で最新確認,要項・規則確認 | 対象者・規模を確認 | 年間計画で管理 | 数値+条件で暗記,concept_page;maybe_missing_digit,
numbers.csv,s33-saihatsu-cycle,再発防止フォローの周期,数値は一次情報で最新確認,要項・規則確認 | 対象者・規模を確認 | 年間計画で管理 | 数値+条件で暗記,concept_page;maybe_missing_digit,
numbers.csv,s33-haichi-timing,配置転換・配慮の判断タイミング,数値は一次情報で最新確認,要項・規則確認 | 対象者・規模を確認 | 年間計画で管理 | 数値+条件で暗記,concept_page;maybe_missing_digit,
numbers.csv,s33-hokenshi-mensetsu,保健師面接の実施頻度,数値は一次情報で最新確認,要項・規則確認 | 対象者・規模を確認 | 年間計画で管理 | 数値+条件で暗記,concept_page;maybe_missing_digit,
numbers.csv,s33-kaju-threshold,過重労働面接の閾値,数値は一次情報で最新確認,要項・規則確認 | 対象者・規模を確認 | 年間計画で管理 | 数値+条件で暗記,concept_page;maybe_missing_digit,
numbers.csv,s33-shokuba-survey,職場環境調査の実施サイクル,数値は一次情報で最新確認,要項・規則確認 | 対象者・規模を確認 | 年間計画で管理 | 数値+条件で暗記,concept_page;maybe_missing_digit,
numbers.csv,s33-fukki-step,段階的復職ステップ目安,数値は一次情報で最新確認,要項・規則確認 | 対象者・規模を確認 | 年間計画で管理 | 数値+条件で暗記,concept_page;maybe_missing_digit,
numbers.csv,s33-stress-rate,ストレスチェック実施率（取扱い深掘り）,数値は一次情報で最新確認,要項・規則確認 | 対象者・規模を確認 | 年間計画で管理 | 数値+条件で暗記,concept_page;maybe_missing_digit,
numbers.csv,s33-kenshu-hours,管理監督者研修時間,数値は一次情報で最新確認,要項・規則確認 | 対象者・規模を確認 | 年間計画で管理 | 数値+条件で暗記,concept_page;maybe_missing_digit,
numbers.csv,s33-record-retention,相談記録の保存管理,数値は一次情報で最新確認,要項・規則確認 | 対象者・規模を確認 | 年間計画で管理 | 数値+条件で暗記,concept_page;maybe_missing_digit,
numbers.csv,s33-youkou-check,要項確認タイミング,数値は一次情報で最新確認,要項・規則確認 | 対象者・規模を確認 | 年間計画で管理 | 数値+条件で暗記,concept_page;maybe_missing_digit,
numbers.csv,s34-fukki-step-days,段階的復職の日数目安,数値は一次情報で最新確認,要項・規則確認 | 対象者・規模を確認 | 年間計画で管理 | 数値+条件で暗記,concept_page;maybe_missing_digit,
numbers.csv,s34-kyushoku-period,休職期間の管理記録,数値は一次情報で最新確認,要項・規則確認 | 対象者・規模を確認 | 年間計画で管理 | 数値+条件で暗記,concept_page;maybe_missing_digit,
numbers.csv,s34-mensetsu-timing,医師面接の実施タイミング,数値は一次情報で最新確認,要項・規則確認 | 対象者・規模を確認 | 年間計画で管理 | 数値+条件で暗記,concept_page;maybe_missing_digit,
numbers.csv,s34-shudan-cycle,集団分析の実施サイクル（試験頻出）,数値は一次情報で最新確認,要項・規則確認 | 対象者・規模を確認 | 年間計画で管理 | 数値+条件で暗記,concept_page;maybe_missing_digit,
numbers.csv,s34-stress-implementation,ストレスチェック実施率（試験頻出）,数値は一次情報で最新確認,要項・規則確認 | 対象者・規模を確認 | 年間計画で管理 | 数値+条件で暗記,concept_page;maybe_missing_digit,
numbers.csv,s34-harassment-response,ハラスメント初動対応時間,数値は一次情報で最新確認,要項・規則確認 | 対象者・規模を確認 | 年間計画で管理 | 数値+条件で暗記,concept_page;maybe_missing_digit,
numbers.csv,s34-kenshu-frequency,管理監督者研修頻度,数値は一次情報で最新確認,要項・規則確認 | 対象者・規模を確認 | 年間計画で管理 | 数値+条件で暗記,concept_page;maybe_missing_digit,
numbers.csv,s34-record-retention,相談記録の保存期間,数値は一次情報で最新確認,要項・規則確認 | 対象者・規模を確認 | 年間計画で管理 | 数値+条件で暗記,concept_page;maybe_missing_digit,
numbers.csv,s34-exam-study-weeks,試験学習週数配分,数値は一次情報で最新確認,要項・規則確認 | 対象者・規模を確認 | 年間計画で管理 | 数値+条件で暗記,concept_page;maybe_missing_digit,
numbers.csv,s34-youkou-review,要項確認回数,数値は一次情報で最新確認,要項・規則確認 | 対象者・規模を確認 | 年間計画で管理 | 数値+条件で暗記,concept_page;maybe_missing_digit,
numbers.csv,s35-stress-num,ストレスの数値整理（基礎整理）,ストレスの目安 — 関連制度：職場環境の改善 / 記録・保存：定義確認のメモ,数値は試験要項・省令で確認 | 職場環境の改善 | 定義確認のメモ | 主語→目的→対象 | ストレスの数値 | 職場環境の改善,concept_page,
numbers.csv,s35-harass-cycle,ハラスメントの数値整理（基礎整理）,ハラスメントの確認 — 記録・保存：定義確認のメモ / 試験の確認点：主語→目的→対象,周期は試験要項・省令で確認 | 職場環境の改善 | 定義確認のメモ | 主語→目的→対象 | ハラスメントの周期 | 頻度は試験要項・省令で確認,concept_page;maybe_missing_digit,
numbers.csv,s36-mensetsu-num,面接の数値整理（実務連動）,面接の数値 — 関連制度：就業上の配慮 / 記録・保存：運転日誌・報告書,就業上の配慮 | 運転日誌・報告書 | 誰が・いつ・何を | 面接の数値 | 数値は試験要項・省令で確認 | 運転日誌・報告書,concept_page;maybe_missing_digit,
numbers.csv,s36-sangyoui-cycle,産業医の数値整理（実務連動）,産業医の周期 — 確認テーマ：産業医の周期 / 数値・条件：周期は試験要項・省令で確認,産業医の周期 | 周期は試験要項・省令で確認 | 管理監督者への教育研修・情報提供 | 運転日誌・報告書 | 誰が・いつ・何を | 管理監督者への教育研修・情報提供,concept_page;maybe_missing_digit,
numbers.csv,s37-fukki-num,復職の数値整理（試験頻出）,復職の数値 — 記録・保存：過去問の条件メモ / 試験の確認点：逆転肢の型分類,過去問の条件メモ | 逆転肢の型分類 | 復職の数値 | 数値は試験要項・省令で確認 | 就業上の配慮 | 目安は試験要項・省令で確認,concept_page,
numbers.csv,s37-kyushoku-cycle,休職の数値整理（試験頻出）,休職の頻度 — 関連制度：就業上の配慮 / 記録・保存：過去問の条件メモ,周期は試験要項・省令で確認 | 就業上の配慮 | 過去問の条件メモ | 逆転肢の型分類 | 休職の周期 | 就業上の配慮,concept_page;maybe_missing_digit,
numbers.csv,s38-linecare-num,ラインケアの数値整理（判例・ガイド）,ラインケアの配分 — 記録・保存：条文×通知の対応表 / 試験の確認点：優先関係の整理,数値は試験要項・省令で確認 | 管理監督者への教育研修・情報提供 | 条文×通知の対応表 | 優先関係の整理 | ラインケアの数値 | ラインケアの目安,concept_page,
numbers.csv,s38-shudan-cycle,集団分析の数値整理（判例・ガイド）,集団分析の頻度 — 関連制度：職場環境の改善 / 記録・保存：条文×通知の対応表,条文×通知の対応表 | 優先関係の整理 | 集団分析の周期 | 周期は試験要項・省令で確認 | 職場環境の改善 | 職場環境の改善,concept_page;maybe_missing_digit,
numbers.csv,s39-kiroku-num,記録の数値整理（横断総合）,記録の数値 — 関連制度：就業上の配慮 / 記録・保存：弱点タグ付きノート,就業上の配慮 | 弱点タグ付きノート | 同型誤答の再演習 | 記録の数値 | 数値は試験要項・省令で確認 | 就業上の配慮,concept_page;maybe_missing_digit,
numbers.csv,s39-shiken-cycle,試験の数値整理（横断総合）,試験の周期 — 記録・保存：弱点タグ付きノート / 試験の確認点：同型誤答の再演習,弱点タグ付きノート | 同型誤答の再演習 | 試験の周期 | 周期は試験要項・省令で確認 | 管理監督者への教育研修・情報提供 | 頻度は試験要項・省令で確認,concept_page;maybe_missing_digit,
numbers.csv,s40-saihatsu-keikaku-num,再発防止計画の数値整理（基礎整理）,再発防止計画の比率 — 関連制度：就業上の配慮 / 記録・保存：定義確認のメモ,定義確認のメモ | 主語→目的→対象 | 再発防止計画の数値 | 数値は試験要項・省令で確認 | 就業上の配慮 | 再発防止計画の目安,concept_page,
numbers.csv,s40-kyufukki-shien-cycle,休復職支援の数値整理（基礎整理）,休復職支援の周期 — 関連制度：就業上の配慮 / 記録・保存：定義確認のメモ,就業上の配慮 | 定義確認のメモ | 主語→目的→対象 | 休復職支援の周期 | 周期は試験要項・省令で確認 | 休復職支援の頻度,concept_page;maybe_missing_digit,
numbers.csv,s41-sangyoui-mensetsu-num,産業医面接の数値整理（実務連動）,産業医面接の配分 — 記録・保存：運転日誌・報告書 / 試験の確認点：誰が・いつ・何を,管理監督者への教育研修・情報提供 | 運転日誌・報告書 | 誰が・いつ・何を | 産業医面接の数値 | 数値は試験要項・省令で確認 | 管理監督者への教育研修・情報提供,concept_page;maybe_missing_digit,
numbers.csv,s41-kajurodo-cycle,過重労働対策の数値整理（実務連動）,過重労働対策の基準 — 関連制度：職場環境の改善 / 記録・保存：運転日誌・報告書,運転日誌・報告書 | 誰が・いつ・何を | 過重労働対策の周期 | 周期は試験要項・省令で確認 | 職場環境の改善 | 頻度は試験要項・省令で確認,concept_page;maybe_missing_digit,
numbers.csv,s42-shokuba-kaizen-num,職場環境改善の数値整理（試験頻出）,職場環境改善の比率 — 記録・保存：過去問の条件メモ / 試験の確認点：逆転肢の型分類,数値は試験要項・省令で確認 | 職場環境の改善 | 過去問の条件メモ | 逆転肢の型分類 | 職場環境改善の数値 | 職場環境改善の目安,concept_page,
numbers.csv,s42-harass-taiou-cycle,ハラスメント対応の数値整理（試験頻出）,ハラスメント対応の頻度 — 関連制度：職場環境の改善 / 記録・保存：過去問の条件メモ,過去問の条件メモ | 逆転肢の型分類 | ハラスメント対応の周期 | 周期は試験要項・省令で確認 | 職場環境の改善 | 職場環境の改善,concept_page;maybe_missing_digit,
numbers.csv,s43-linecare-kyoka-num,ラインケア強化の数値整理（判例・ガイド）,ラインケア強化の数値 — 記録・保存：条文×通知の対応表 / 試験の確認点：優先関係の整理,条文×通知の対応表 | 優先関係の整理 | ラインケア強化の数値 | 数値は試験要項・省令で確認 | 管理監督者への教育研修・情報提供 | 条文×通知の対応表,concept_page,
numbers.csv,s43-shudan-katsuyo-cycle,集団分析活用の数値整理（判例・ガイド）,集団分析活用の周期 — 関連制度：職場環境の改善 / 記録・保存：条文×通知の対応表,職場環境の改善 | 条文×通知の対応表 | 優先関係の整理 | 集団分析活用の周期 | 周期は試験要項・省令で確認 | 集団分析活用の頻度,concept_page;maybe_missing_digit,
numbers.csv,s44-kiroku-kanri-num,記録管理の数値整理（横断総合）,記録管理の配分 — 関連制度：就業上の配慮 / 記録・保存：弱点タグ付きノート,記録管理の数値 | 数値は試験要項・省令で確認 | 就業上の配慮 | 弱点タグ付きノート | 同型誤答の再演習 | 記録管理の目安,concept_page;maybe_missing_digit,
numbers.csv,s44-2shu-chokuzen-cycle,二種直前の数値整理（横断総合）,二種直前の周期 — 記録・保存：弱点タグ付きノート / 試験の確認点：同型誤答の再演習,弱点タグ付きノート | 同型誤答の再演習 | 二種直前の周期 | 周期は試験要項・省令で確認 | 管理監督者への教育研修・情報提供 | 二種直前の頻度,concept_page;maybe_missing_digit,
