hub_file,slug,title,column,length,min_recommended
comparisons.csv,s35-stress-cmp,ストレスの比較,memory_tip,14,15
comparisons.csv,s35-harass-diff,ハラスメントの違い,memory_tip,14,15
comparisons.csv,s35-stress-matome,ストレスの整理,memory_tip,14,15
comparisons.csv,s35-harass-point,ハラスメントの要点,memory_tip,14,15
comparisons.csv,s35-stress-taihi,ストレスの対比,memory_tip,14,15
comparisons.csv,s35-harass-kubun,ハラスメントの区分,memory_tip,14,15
comparisons.csv,s35-stress-tejun,ストレスの手順,memory_tip,14,15
comparisons.csv,s35-harass-seido,ハラスメントの制度,memory_tip,14,15
comparisons.csv,s35-stress-unyo,ストレスの運用,memory_tip,14,15
comparisons.csv,s35-harass-hantei,ハラスメントの判定,memory_tip,14,15
comparisons.csv,s36-mensetsu-cmp,面接の比較,memory_tip,14,15
comparisons.csv,s36-sangyoui-diff,産業医の違い,memory_tip,14,15
comparisons.csv,s36-mensetsu-matome,面接の整理,memory_tip,14,15
comparisons.csv,s36-sangyoui-point,産業医の要点,memory_tip,14,15
comparisons.csv,s36-mensetsu-taihi,面接の対比,memory_tip,14,15
comparisons.csv,s36-sangyoui-kubun,産業医の区分,memory_tip,14,15
comparisons.csv,s36-mensetsu-tejun,面接の手順,memory_tip,14,15
comparisons.csv,s36-sangyoui-seido,産業医の制度,memory_tip,14,15
comparisons.csv,s36-mensetsu-unyo,面接の運用,memory_tip,14,15
comparisons.csv,s36-sangyoui-hantei,産業医の判定,memory_tip,14,15
comparisons.csv,s37-fukki-cmp,復職の比較,memory_tip,14,15
comparisons.csv,s37-kyushoku-diff,休職の違い,memory_tip,14,15
comparisons.csv,s37-fukki-matome,復職の整理,memory_tip,14,15
comparisons.csv,s37-kyushoku-point,休職の要点,memory_tip,14,15
comparisons.csv,s37-fukki-taihi,復職の対比,memory_tip,14,15
comparisons.csv,s37-kyushoku-kubun,休職の区分,memory_tip,14,15
comparisons.csv,s37-fukki-tejun,復職の手順,memory_tip,14,15
comparisons.csv,s37-kyushoku-seido,休職の制度,memory_tip,14,15
comparisons.csv,s37-fukki-unyo,復職の運用,memory_tip,14,15
comparisons.csv,s37-kyushoku-hantei,休職の判定,memory_tip,14,15
comparisons.csv,s38-linecare-cmp,ラインケアの比較,memory_tip,14,15
comparisons.csv,s38-shudan-diff,集団分析の違い,memory_tip,14,15
comparisons.csv,s38-linecare-matome,ラインケアの整理,memory_tip,14,15
comparisons.csv,s38-shudan-point,集団分析の要点,memory_tip,14,15
comparisons.csv,s38-linecare-taihi,ラインケアの対比,memory_tip,14,15
comparisons.csv,s38-shudan-kubun,集団分析の区分,memory_tip,14,15
comparisons.csv,s38-linecare-tejun,ラインケアの手順,memory_tip,14,15
comparisons.csv,s38-shudan-seido,集団分析の制度,memory_tip,14,15
comparisons.csv,s38-linecare-unyo,ラインケアの運用,memory_tip,14,15
comparisons.csv,s38-shudan-hantei,集団分析の判定,memory_tip,14,15
comparisons.csv,s39-kiroku-cmp,記録の比較,memory_tip,14,15
comparisons.csv,s39-shiken-diff,試験の違い,memory_tip,14,15
comparisons.csv,s39-kiroku-matome,記録の整理,memory_tip,14,15
comparisons.csv,s39-shiken-point,試験の要点,memory_tip,14,15
comparisons.csv,s39-kiroku-taihi,記録の対比,memory_tip,14,15
comparisons.csv,s39-shiken-kubun,試験の区分,memory_tip,14,15
comparisons.csv,s39-kiroku-tejun,記録の手順,memory_tip,14,15
comparisons.csv,s39-shiken-seido,試験の制度,memory_tip,14,15
comparisons.csv,s39-kiroku-unyo,記録の運用,memory_tip,14,15
comparisons.csv,s39-shiken-hantei,試験の判定,memory_tip,14,15
comparisons.csv,s40-saihatsu-keikaku-cmp,再発防止計画の比較,memory_tip,14,15
comparisons.csv,s40-kyufukki-shien-diff,休復職支援の違い,memory_tip,14,15
comparisons.csv,s40-saihatsu-keikaku-matome,再発防止計画の整理,memory_tip,14,15
comparisons.csv,s40-kyufukki-shien-point,休復職支援の要点,memory_tip,14,15
comparisons.csv,s40-saihatsu-keikaku-taihi,再発防止計画の対比,memory_tip,14,15
comparisons.csv,s40-kyufukki-shien-kubun,休復職支援の区分,memory_tip,14,15
comparisons.csv,s40-saihatsu-keikaku-tejun,再発防止計画の手順,memory_tip,14,15
comparisons.csv,s40-kyufukki-shien-seido,休復職支援の制度,memory_tip,14,15
comparisons.csv,s40-saihatsu-keikaku-unyo,再発防止計画の運用,memory_tip,14,15
comparisons.csv,s40-kyufukki-shien-hantei,休復職支援の判定,memory_tip,14,15
comparisons.csv,s41-sangyoui-mensetsu-cmp,産業医面接の比較,memory_tip,14,15
comparisons.csv,s41-kajurodo-diff,過重労働対策の違い,memory_tip,14,15
comparisons.csv,s41-sangyoui-mensetsu-matome,産業医面接の整理,memory_tip,14,15
comparisons.csv,s41-kajurodo-point,過重労働対策の要点,memory_tip,14,15
comparisons.csv,s41-sangyoui-mensetsu-taihi,産業医面接の対比,memory_tip,14,15
comparisons.csv,s41-kajurodo-kubun,過重労働対策の区分,memory_tip,14,15
comparisons.csv,s41-sangyoui-mensetsu-tejun,産業医面接の手順,memory_tip,14,15
comparisons.csv,s41-kajurodo-seido,過重労働対策の制度,memory_tip,14,15
comparisons.csv,s41-sangyoui-mensetsu-unyo,産業医面接の運用,memory_tip,14,15
comparisons.csv,s41-kajurodo-hantei,過重労働対策の判定,memory_tip,14,15
comparisons.csv,s42-shokuba-kaizen-cmp,職場環境改善の比較,memory_tip,14,15
comparisons.csv,s42-harass-taiou-diff,ハラスメント対応の違い,memory_tip,14,15
comparisons.csv,s42-shokuba-kaizen-matome,職場環境改善の整理,memory_tip,14,15
comparisons.csv,s42-harass-taiou-point,ハラスメント対応の要点,memory_tip,14,15
comparisons.csv,s42-shokuba-kaizen-taihi,職場環境改善の対比,memory_tip,14,15
comparisons.csv,s42-harass-taiou-kubun,ハラスメント対応の区分,memory_tip,14,15
comparisons.csv,s42-shokuba-kaizen-tejun,職場環境改善の手順,memory_tip,14,15
comparisons.csv,s42-harass-taiou-seido,ハラスメント対応の制度,memory_tip,14,15
comparisons.csv,s42-shokuba-kaizen-unyo,職場環境改善の運用,memory_tip,14,15
comparisons.csv,s42-harass-taiou-hantei,ハラスメント対応の判定,memory_tip,14,15
comparisons.csv,s43-linecare-kyoka-cmp,ラインケア強化の比較,memory_tip,14,15
comparisons.csv,s43-shudan-katsuyo-diff,集団分析活用の違い,memory_tip,14,15
comparisons.csv,s43-linecare-kyoka-matome,ラインケア強化の整理,memory_tip,14,15
comparisons.csv,s43-shudan-katsuyo-point,集団分析活用の要点,memory_tip,14,15
comparisons.csv,s43-linecare-kyoka-taihi,ラインケア強化の対比,memory_tip,14,15
comparisons.csv,s43-shudan-katsuyo-kubun,集団分析活用の区分,memory_tip,14,15
comparisons.csv,s43-linecare-kyoka-tejun,ラインケア強化の手順,memory_tip,14,15
comparisons.csv,s43-shudan-katsuyo-seido,集団分析活用の制度,memory_tip,14,15
comparisons.csv,s43-linecare-kyoka-unyo,ラインケア強化の運用,memory_tip,14,15
comparisons.csv,s43-shudan-katsuyo-hantei,集団分析活用の判定,memory_tip,14,15
comparisons.csv,s44-kiroku-kanri-cmp,記録管理の比較,memory_tip,14,15
comparisons.csv,s44-2shu-chokuzen-diff,二種直前の違い,memory_tip,14,15
comparisons.csv,s44-kiroku-kanri-matome,記録管理の整理,memory_tip,14,15
comparisons.csv,s44-2shu-chokuzen-point,二種直前の要点,memory_tip,14,15
comparisons.csv,s44-kiroku-kanri-taihi,記録管理の対比,memory_tip,14,15
comparisons.csv,s44-2shu-chokuzen-kubun,二種直前の区分,memory_tip,14,15
comparisons.csv,s44-kiroku-kanri-tejun,記録管理の手順,memory_tip,14,15
comparisons.csv,s44-2shu-chokuzen-seido,二種直前の制度,memory_tip,14,15
comparisons.csv,s44-kiroku-kanri-unyo,記録管理の運用,memory_tip,14,15
comparisons.csv,s44-2shu-chokuzen-hantei,二種直前の判定,memory_tip,14,15
mistakes.csv,mental-teigi-kon,メンタルヘルス不調の定義の誤り,common_mistakes,18,20
mistakes.csv,s32-kon-fukki-step,復職ステップ順序の誤認,common_mistakes,19,20
mistakes.csv,s32-kon-kyushoku,休職と解雇手続の混同,common_mistakes,19,20
mistakes.csv,s32-kon-mensetsu-role,医師面接と産業医の役割混同,common_mistakes,19,20
mistakes.csv,s32-kon-shudan,集団分析と個別面接の混同,common_mistakes,19,20
mistakes.csv,s32-kon-stress-follow,ストレスフォロー段階の逆転,common_mistakes,19,20
mistakes.csv,s32-kon-privacy,情報共有範囲の拡大誤認,common_mistakes,19,20
mistakes.csv,s32-kon-harassment,ハラスメント対応主体の取り違え,common_mistakes,19,20
mistakes.csv,s32-kon-line-sangyoui,ラインケアと産業医の混同,common_mistakes,19,20
mistakes.csv,s32-kon-kenshu,研修義務の任意誤認,common_mistakes,19,20
mistakes.csv,s32-kon-youkou-old,旧要項数値の流用,common_mistakes,19,20
mistakes.csv,s33-kon-saihatsu,再発防止と初動の混同,common_mistakes,19,20
mistakes.csv,s33-kon-haichi,配置転換と就業配慮の混同,common_mistakes,19,20
mistakes.csv,s33-kon-hokenshi,保健師と産業医の役割混同,common_mistakes,19,20
mistakes.csv,s33-kon-kaju,過重労働と長時間労働の混同,common_mistakes,19,20
mistakes.csv,s33-kon-shokuba,職場環境と個人対策の混同,common_mistakes,19,20
mistakes.csv,s33-kon-harassment,ハラスメント対応主体の誤認,common_mistakes,19,20
mistakes.csv,s33-kon-fukki,復職プラン順序の誤認,common_mistakes,19,20
mistakes.csv,s33-kon-stress,ストレス分析と面接の混同,common_mistakes,19,20
mistakes.csv,s33-kon-renkei,産業医連携範囲の拡大誤認,common_mistakes,19,20
mistakes.csv,s33-kon-joho,個人情報共有の範囲誤認,common_mistakes,19,20
mistakes.csv,s34-kon-saihatsu-keikaku,再発予防計画の順序誤認,common_mistakes,19,20
mistakes.csv,s34-kon-shugyo,就業配慮と解雇手続の混同,common_mistakes,19,20
mistakes.csv,s34-kon-kenkou,保健師と人事の役割混同,common_mistakes,19,20
mistakes.csv,s34-kon-choujikan,長時間面接の主体誤認,common_mistakes,19,20
mistakes.csv,s34-kon-kankyo,職場環境改善主体の誤認,common_mistakes,19,20
mistakes.csv,s34-kon-line,ラインケアと産業医の混同 S34,common_mistakes,19,20
mistakes.csv,s34-kon-kyushoku,休職と復職手続の混同,common_mistakes,19,20
mistakes.csv,s34-kon-harassment,ハラスメント初動の逆転,common_mistakes,19,20
mistakes.csv,s34-kon-committee,衛生委員会報告の混同,common_mistakes,19,20
mistakes.csv,s34-kon-privacy,情報限定提供の拡大誤認,common_mistakes,19,20
mistakes.csv,s35-kon-stress-kon,ストレスの混同,common_mistakes,19,20
mistakes.csv,s35-kon-harass-gokai,ハラスメントの誤認,common_mistakes,19,20
mistakes.csv,s35-kon-stress-reverse,ストレスの逆転,common_mistakes,19,20
mistakes.csv,s35-kon-harass-omit,ハラスメントの省略,common_mistakes,19,20
mistakes.csv,s35-kon-stress-blind,ストレスの盲信,common_mistakes,19,20
mistakes.csv,s35-kon-harass-over,ハラスメントの過剰,common_mistakes,19,20
mistakes.csv,s35-kon-stress-noconf,ストレスの未確認,common_mistakes,19,20
mistakes.csv,s35-kon-harass-nouse,ハラスメントの未使用,common_mistakes,19,20
mistakes.csv,s35-kon-stress-skip,ストレスの放置,common_mistakes,19,20
mistakes.csv,s35-kon-harass-zero,ハラスメントのゼロ,common_mistakes,19,20
mistakes.csv,s36-kon-mensetsu-kon,面接の混同,common_mistakes,19,20
mistakes.csv,s36-kon-sangyoui-gokai,産業医の誤認,common_mistakes,19,20
mistakes.csv,s36-kon-mensetsu-reverse,面接の逆転,common_mistakes,19,20
mistakes.csv,s36-kon-sangyoui-omit,産業医の省略,common_mistakes,19,20
mistakes.csv,s36-kon-mensetsu-blind,面接の盲信,common_mistakes,19,20
mistakes.csv,s36-kon-sangyoui-over,産業医の過剰,common_mistakes,19,20
mistakes.csv,s36-kon-mensetsu-noconf,面接の未確認,common_mistakes,19,20
mistakes.csv,s36-kon-sangyoui-nouse,産業医の未使用,common_mistakes,19,20
mistakes.csv,s36-kon-mensetsu-skip,面接の放置,common_mistakes,19,20
mistakes.csv,s36-kon-sangyoui-zero,産業医のゼロ,common_mistakes,19,20
mistakes.csv,s37-kon-fukki-kon,復職の混同,common_mistakes,19,20
mistakes.csv,s37-kon-kyushoku-gokai,休職の誤認,common_mistakes,19,20
mistakes.csv,s37-kon-fukki-reverse,復職の逆転,common_mistakes,19,20
mistakes.csv,s37-kon-kyushoku-omit,休職の省略,common_mistakes,19,20
mistakes.csv,s37-kon-fukki-blind,復職の盲信,common_mistakes,19,20
mistakes.csv,s37-kon-kyushoku-over,休職の過剰,common_mistakes,19,20
mistakes.csv,s37-kon-fukki-noconf,復職の未確認,common_mistakes,19,20
mistakes.csv,s37-kon-kyushoku-nouse,休職の未使用,common_mistakes,19,20
mistakes.csv,s37-kon-fukki-skip,復職の放置,common_mistakes,19,20
mistakes.csv,s37-kon-kyushoku-zero,休職のゼロ,common_mistakes,19,20
mistakes.csv,s38-kon-linecare-kon,ラインケアの混同,common_mistakes,19,20
mistakes.csv,s38-kon-shudan-gokai,集団分析の誤認,common_mistakes,19,20
mistakes.csv,s38-kon-linecare-reverse,ラインケアの逆転,common_mistakes,19,20
mistakes.csv,s38-kon-shudan-omit,集団分析の省略,common_mistakes,19,20
mistakes.csv,s38-kon-linecare-blind,ラインケアの盲信,common_mistakes,19,20
mistakes.csv,s38-kon-shudan-over,集団分析の過剰,common_mistakes,19,20
mistakes.csv,s38-kon-linecare-noconf,ラインケアの未確認,common_mistakes,19,20
mistakes.csv,s38-kon-shudan-nouse,集団分析の未使用,common_mistakes,19,20
mistakes.csv,s38-kon-linecare-skip,ラインケアの放置,common_mistakes,19,20
mistakes.csv,s38-kon-shudan-zero,集団分析のゼロ,common_mistakes,19,20
mistakes.csv,s39-kon-kiroku-kon,記録の混同,common_mistakes,19,20
mistakes.csv,s39-kon-shiken-gokai,試験の誤認,common_mistakes,19,20
mistakes.csv,s39-kon-kiroku-reverse,記録の逆転,common_mistakes,19,20
mistakes.csv,s39-kon-shiken-omit,試験の省略,common_mistakes,19,20
mistakes.csv,s39-kon-kiroku-blind,記録の盲信,common_mistakes,19,20
mistakes.csv,s39-kon-shiken-over,試験の過剰,common_mistakes,19,20
mistakes.csv,s39-kon-kiroku-noconf,記録の未確認,common_mistakes,19,20
mistakes.csv,s39-kon-shiken-nouse,試験の未使用,common_mistakes,19,20
mistakes.csv,s39-kon-kiroku-skip,記録の放置,common_mistakes,19,20
mistakes.csv,s39-kon-shiken-zero,試験のゼロ,common_mistakes,19,20
mistakes.csv,s40-kon-saihatsu-keikaku-kon,再発防止計画の混同,common_mistakes,19,20
mistakes.csv,s40-kon-kyufukki-shien-gokai,休復職支援の誤認,common_mistakes,19,20
mistakes.csv,s40-kon-saihatsu-keikaku-reverse,再発防止計画の逆転,common_mistakes,19,20
mistakes.csv,s40-kon-kyufukki-shien-omit,休復職支援の省略,common_mistakes,19,20
mistakes.csv,s40-kon-saihatsu-keikaku-blind,再発防止計画の盲信,common_mistakes,19,20
mistakes.csv,s40-kon-kyufukki-shien-over,休復職支援の過剰,common_mistakes,19,20
mistakes.csv,s40-kon-saihatsu-keikaku-noconf,再発防止計画の未確認,common_mistakes,19,20
mistakes.csv,s40-kon-kyufukki-shien-nouse,休復職支援の未使用,common_mistakes,19,20
mistakes.csv,s40-kon-saihatsu-keikaku-skip,再発防止計画の放置,common_mistakes,19,20
mistakes.csv,s40-kon-kyufukki-shien-zero,休復職支援のゼロ,common_mistakes,19,20
mistakes.csv,s41-kon-sangyoui-mensetsu-kon,産業医面接の混同,common_mistakes,19,20
mistakes.csv,s41-kon-kajurodo-gokai,過重労働対策の誤認,common_mistakes,19,20
mistakes.csv,s41-kon-sangyoui-mensetsu-reverse,産業医面接の逆転,common_mistakes,19,20
mistakes.csv,s41-kon-kajurodo-omit,過重労働対策の省略,common_mistakes,19,20
mistakes.csv,s41-kon-sangyoui-mensetsu-blind,産業医面接の盲信,common_mistakes,19,20
mistakes.csv,s41-kon-kajurodo-over,過重労働対策の過剰,common_mistakes,19,20
mistakes.csv,s41-kon-sangyoui-mensetsu-noconf,産業医面接の未確認,common_mistakes,19,20
mistakes.csv,s41-kon-kajurodo-nouse,過重労働対策の未使用,common_mistakes,19,20
mistakes.csv,s41-kon-sangyoui-mensetsu-skip,産業医面接の放置,common_mistakes,19,20
mistakes.csv,s41-kon-kajurodo-zero,過重労働対策のゼロ,common_mistakes,19,20
mistakes.csv,s42-kon-shokuba-kaizen-kon,職場環境改善の混同,common_mistakes,19,20
mistakes.csv,s42-kon-harass-taiou-gokai,ハラスメント対応の誤認,common_mistakes,19,20
mistakes.csv,s42-kon-shokuba-kaizen-reverse,職場環境改善の逆転,common_mistakes,19,20
mistakes.csv,s42-kon-harass-taiou-omit,ハラスメント対応の省略,common_mistakes,19,20
mistakes.csv,s42-kon-shokuba-kaizen-blind,職場環境改善の盲信,common_mistakes,19,20
mistakes.csv,s42-kon-harass-taiou-over,ハラスメント対応の過剰,common_mistakes,19,20
mistakes.csv,s42-kon-shokuba-kaizen-noconf,職場環境改善の未確認,common_mistakes,19,20
mistakes.csv,s42-kon-harass-taiou-nouse,ハラスメント対応の未使用,common_mistakes,19,20
mistakes.csv,s42-kon-shokuba-kaizen-skip,職場環境改善の放置,common_mistakes,19,20
mistakes.csv,s42-kon-harass-taiou-zero,ハラスメント対応のゼロ,common_mistakes,19,20
mistakes.csv,s43-kon-linecare-kyoka-kon,ラインケア強化の混同,common_mistakes,19,20
mistakes.csv,s43-kon-shudan-katsuyo-gokai,集団分析活用の誤認,common_mistakes,19,20
mistakes.csv,s43-kon-linecare-kyoka-reverse,ラインケア強化の逆転,common_mistakes,19,20
mistakes.csv,s43-kon-shudan-katsuyo-omit,集団分析活用の省略,common_mistakes,19,20
mistakes.csv,s43-kon-linecare-kyoka-blind,ラインケア強化の盲信,common_mistakes,19,20
mistakes.csv,s43-kon-shudan-katsuyo-over,集団分析活用の過剰,common_mistakes,19,20
mistakes.csv,s43-kon-linecare-kyoka-noconf,ラインケア強化の未確認,common_mistakes,19,20
mistakes.csv,s43-kon-shudan-katsuyo-nouse,集団分析活用の未使用,common_mistakes,19,20
mistakes.csv,s43-kon-linecare-kyoka-skip,ラインケア強化の放置,common_mistakes,19,20
mistakes.csv,s43-kon-shudan-katsuyo-zero,集団分析活用のゼロ,common_mistakes,19,20
mistakes.csv,s44-kon-kiroku-kanri-kon,記録管理の混同,common_mistakes,19,20
mistakes.csv,s44-kon-2shu-chokuzen-gokai,二種直前の誤認,common_mistakes,19,20
mistakes.csv,s44-kon-kiroku-kanri-reverse,記録管理の逆転,common_mistakes,19,20
mistakes.csv,s44-kon-2shu-chokuzen-omit,二種直前の省略,common_mistakes,19,20
mistakes.csv,s44-kon-kiroku-kanri-blind,記録管理の盲信,common_mistakes,19,20
mistakes.csv,s44-kon-2shu-chokuzen-over,二種直前の過剰,common_mistakes,19,20
mistakes.csv,s44-kon-kiroku-kanri-noconf,記録管理の未確認,common_mistakes,19,20
mistakes.csv,s44-kon-2shu-chokuzen-nouse,二種直前の未使用,common_mistakes,19,20
mistakes.csv,s44-kon-kiroku-kanri-skip,記録管理の放置,common_mistakes,19,20
mistakes.csv,s44-kon-2shu-chokuzen-zero,二種直前のゼロ,common_mistakes,19,20
