slug,title,category,tags,summary,col_labels,compare_rows,article_title,article_lead,exam_points,common_mistakes,memory_tip,related_terms,faq_1_question,faq_1_answer,faq_2_question,faq_2_answer,faq_3_question,faq_3_answer,faq_4_question,faq_4_answer
stress-check-mensetsu,過去問と模擬試験の違い,契約・実務,演習;学習法,過去に出題された問題と本番形式の練習の目的・使い方の差を整理します。,過去問;模擬試験,"[{""axis"": ""定義"", ""cols"": [""過去に実際に出題された問題"", ""本番に近い形式で解く練習問題""]}, {""axis"": ""主な目的"", ""cols"": [""出題傾向・論点の把握"", ""時間配分・本番形式への慣れ""]}, {""axis"": ""使うタイミング"", ""cols"": [""学習の中盤以降、論点確認"", ""直前期の総仕上げ・実力確認""]}, {""axis"": ""復習の仕方"", ""cols"": [""解説を読み、同分野の用語とセットで確認"", ""本番と同じ制限時間で解き直す""]}]",過去問と模擬試験の違い,過去問は出題傾向を知る材料、模擬試験は本番形式への慣れを作る演習です。目的が異なるため、学習段階に応じて使い分けると効率的です。過去に出題された問題と本番形式の練習の目的・使い方の差を整理します。試験で押さえるべき点は、過去問で論点を拾い、模擬試験で形式に慣れる、直前期は模擬試験で時間配分を確認する、どちらも解説と用語確認をセットにする。,過去問で論点を拾い、模擬試験で形式に慣れる;直前期は模擬試験で時間配分を確認する;どちらも解説と用語確認をセットにする,過去問と模擬試験を同じ目的の演習だと思い込むと、時間配分の練習が不足しがちです。,「論点把握＝過去問」「形式慣れ＝模擬試験」と役割を分けて覚えると整理しやすくなります。,36協定;4つのケア,「過去問と模擬試験の違い」の試験での位置づけは？,過去問は出題傾向を知る材料、模擬試験は本番形式への慣れを作る演習です。目的が異なるため、学習段階に応じて使い分けると効率的です。過去に出題された問題と本番形式の練習の目的・使い方の差を整理します。試験で押さえるべき点は、過去問で論点を拾い… 試験では過去問で論点を拾い、模擬試験で形式に慣れるを軸に、関連条文・数値・主体の取り違えを照合してください。,「過去問と模擬試験の違い」でよくある誤答パターンは？,過去問と模擬試験を同じ目的の演習だと思い込むと、時間配分の練習が不足しがちです。 誤答肢では直前期は模擬試験で時間配分を確認するの主語や条件が入れ替わることが多いので、比較表で整理してください。 過去問で正誤の型を分類し、試験要項で数値・期限を照合してください。,「過去問と模擬試験の違い」の覚え方・確認手順は？,覚え方：「論点把握＝過去問」「形式慣れ＝模擬試験」と役割を分けて覚えると整理しやすくなります。 用語集→本ページ→過去問の順で往復し、正誤理由をメモに残してください。 過去問で正誤の型を分類し、試験要項で数値・期限を照合してください。,「過去問と模擬試験の違い」の公式情報はどこで確認しますか？,「過去問と模擬試験の違い」では過去問で論点を拾い、模擬試験で形式に慣れるを軸に、条文・数値・主体の取り違えを比較表で整理してください。 典型誤答は過去問と模擬試験を同じ目的の演習だと思い込むと、時間配分の練習が不足しがちです。。 過去問では条件文の主語入れ替え肢に注意してください。
harassment-power,公式情報と試験要項の違い,法令・制度,公式情報;制度,試験実施団体の公表情報のうち、要項が担う範囲と一次情報全体の関係を整理します。,公式情報;試験要項,"[{""axis"": ""位置づけ"", ""cols"": [""試験実施団体が公表する一次情報の総称"", ""日程・申込・受験資格などをまとめた案内資料""]}, {""axis"": ""含まれる内容"", ""cols"": [""要項・合格発表・出題範囲など幅広い情報"", ""試験日程、申込方法、受験資格、試験料など""]}, {""axis"": ""更新"", ""cols"": [""各ページ・資料ごとに更新"", ""年度ごとに改訂されることが多い""]}, {""axis"": ""学習での使い方"", ""cols"": [""最新条件の最終確認先"", ""受験前チェックリストの基準資料""]}]",公式情報と試験要項の違い｜受験前に確認する情報の整理,公式情報は一次情報全体、試験要項はその中でも受験手続きの核心をまとめた資料です。非公式情報と食い違う場合は公式情報を優先します。試験実施団体の公表情報のうち、要項が担う範囲と一次情報全体の関係を整理します。試験で押さえるべき点は、試験要項は公式情報の一部、年度更新を必ず確認する、申込前・直前期の再確認が重要。,試験要項は公式情報の一部;年度更新を必ず確認する;申込前・直前期の再確認が重要,試験要項だけ見れば公式情報はすべて確認できたと考えると、合格発表や範囲変更を見落とすことがあります。,「要項＝手続きの公式」「公式情報＝全体の正」と覚えると混同しにくくなります。,36協定;4つのケア,「公式情報と試験要項の違い」の試験での位置づけは？,公式情報は一次情報全体、試験要項はその中でも受験手続きの核心をまとめた資料です。非公式情報と食い違う場合は公式情報を優先します。試験実施団体の公表情報のうち、要項が担う範囲と一次情報全体の関係を整理します。試験で押さえるべき点は、試験要項… 試験では試験要項は公式情報の一部を軸に、関連条文・数値・主体の取り違えを照合してください。,「公式情報と試験要項の違い」でよくある誤答パターンは？,試験要項だけ見れば公式情報はすべて確認できたと考えると、合格発表や範囲変更を見落とすことがあります。 誤答肢では年度更新を必ず確認するの主語や条件が入れ替わることが多いので、比較表で整理してください。,「公式情報と試験要項の違い」の覚え方・確認手順は？,覚え方：「要項＝手続きの公式」「公式情報＝全体の正」と覚えると混同しにくくなります。 用語集→本ページ→過去問の順で往復し、正誤理由をメモに残してください。 過去問で正誤の型を分類し、試験要項で数値・期限を照合してください。,「公式情報と試験要項の違い」の公式情報はどこで確認しますか？,「公式情報と試験要項の違い」では試験要項は公式情報の一部を軸に、条文・数値・主体の取り違えを比較表で整理してください。 典型誤答は試験要項だけ見れば公式情報はすべて確認できたと考えると、合格発表や範囲変更を見落とすことがあります。。 過去問では条件文の主語入れ替え肢に注意してください。
linecare-mensetsu,合格基準と出題範囲の違い,法令・制度,得点;学習計画,合否判定の基準と、学習対象となる分野・項目の違いを整理します。,合格基準;出題範囲,"[{""axis"": ""定義"", ""cols"": [""合格に必要な点数や条件"", ""試験で問われる分野やテーマの範囲""]}, {""axis"": ""役割"", ""cols"": [""合否判定・目標点設定"", ""教材選定・学習計画の土台""]}, {""axis"": ""学習への影響"", ""cols"": [""全体得点・科目別基準点の確認"", ""何を勉強するかの優先順位づけ""]}, {""axis"": ""確認タイミング"", ""cols"": [""学習計画立案時・模試後"", ""学習開始前・教材選定時""]}]",合格基準と出題範囲の違い｜学習計画の前提を整理,合格基準は「どれだけ取れば合格か」、出題範囲は「何を学ぶか」を示します。両方をセットで確認すると計画が立てやすくなります。合否判定の基準と、学習対象となる分野・項目の違いを整理します。試験で押さえるべき点は、出題範囲で学習対象を決め、合格基準で目標点を設定する、科目別基準点も見落とさない、公式情報で最新条件を確認する。,出題範囲で学習対象を決め、合格基準で目標点を設定する;科目別基準点も見落とさない;公式情報で最新条件を確認する,合格基準だけ見て出題範囲を確認しないと、範囲外の深掘りや漏れが起きやすくなります。,「範囲＝何を」「基準＝どれだけ」と役割で分けると覚えやすくなります。,36協定;4つのケア,「合格基準と出題範囲の違い」の試験での位置づけは？,合格基準は「どれだけ取れば合格か」、出題範囲は「何を学ぶか」を示します。両方をセットで確認すると計画が立てやすくなります。合否判定の基準と、学習対象となる分野・項目の違いを整理します。試験で押さえるべき点は、出題範囲で学習対象を決め、合格… 試験では出題範囲で学習対象を決め、合格基準で目標点を設定するを軸に、関連条文・数値・主体の取り違えを照合してください。,「合格基準と出題範囲の違い」でよくある誤答パターンは？,合格基準だけ見て出題範囲を確認しないと、範囲外の深掘りや漏れが起きやすくなります。 誤答肢では科目別基準点も見落とさないの主語や条件が入れ替わることが多いので、比較表で整理してください。 過去問で正誤の型を分類し、試験要項で数値・期限を照合してください。,「合格基準と出題範囲の違い」の覚え方・確認手順は？,覚え方：「範囲＝何を」「基準＝どれだけ」と役割で分けると覚えやすくなります。 用語集→本ページ→過去問の順で往復し、正誤理由をメモに残してください。 過去問で正誤の型を分類し、試験要項で数値・期限を照合してください。,「合格基準と出題範囲の違い」の公式情報はどこで確認しますか？,「合格基準と出題範囲の違い」では出題範囲で学習対象を決め、合格基準で目標点を設定するを軸に、条文・数値・主体の取り違えを比較表で整理してください。 典型誤答は合格基準だけ見て出題範囲を確認しないと、範囲外の深掘りや漏れが起きやすくなります。。 過去問では条件文の主語入れ替え肢に注意してください。
sangyoui-hoken,一問一答と実践演習の違い,契約・実務,演習;学習法,短い確認問題と、本番に近い形式の演習問題の使い分けを整理します。,一問一答;実践演習,"[{""axis"": ""問題形式"", ""cols"": [""短い問題で知識を素早く確認"", ""本番に近い形式の演習問題""]}, {""axis"": ""向いている場面"", ""cols"": [""用語確認・隙間時間の学習"", ""分野横断・時間を意識した演習""]}, {""axis"": ""学習効果"", ""cols"": [""知識の定着・暗記の確認"", ""応用力・時間配分の訓練""]}, {""axis"": ""進め方"", ""cols"": [""分野ごとに繰り返し解く"", ""過去問と組み合わせて総合演習""]}]",一問一答と実践演習の違い｜演習モードの使い分け,一問一答は知識の点検、実践演習は本番形式への慣れを目的とした演習です。サイト内の演習モード切替と対応しています。短い確認問題と、本番に近い形式の演習問題の使い分けを整理します。試験で押さえるべき点は、用語確認は一問一答、総合演習は実践演習、過去問と組み合わせて使う、解説で誤答理由まで確認する。,用語確認は一問一答、総合演習は実践演習;過去問と組み合わせて使う;解説で誤答理由まで確認する,一問一答だけで十分だと考えると、時間配分や複合論点への対応が弱くなることがあります。,「点検＝一問一答」「本番慣れ＝実践演習」と覚えると整理しやすくなります。,36協定;4つのケア,「一問一答と実践演習の違い」の試験での位置づけは？,一問一答は知識の点検、実践演習は本番形式への慣れを目的とした演習です。サイト内の演習モード切替と対応しています。短い確認問題と、本番に近い形式の演習問題の使い分けを整理します。試験で押さえるべき点は、用語確認は一問一答、総合演習は実践演習… 試験では用語確認は一問一答、総合演習は実践演習を軸に、関連条文・数値・主体の取り違えを照合してください。,「一問一答と実践演習の違い」でよくある誤答パターンは？,一問一答だけで十分だと考えると、時間配分や複合論点への対応が弱くなることがあります。 誤答肢では過去問と組み合わせて使うの主語や条件が入れ替わることが多いので、比較表で整理してください。 過去問で正誤の型を分類し、試験要項で数値・期限を照合してください。,「一問一答と実践演習の違い」の覚え方・確認手順は？,覚え方：「点検＝一問一答」「本番慣れ＝実践演習」と覚えると整理しやすくなります。 用語集→本ページ→過去問の順で往復し、正誤理由をメモに残してください。 過去問で正誤の型を分類し、試験要項で数値・期限を照合してください。,「一問一答と実践演習の違い」の公式情報はどこで確認しますか？,「一問一答と実践演習の違い」では用語確認は一問一答、総合演習は実践演習を軸に、条文・数値・主体の取り違えを比較表で整理してください。 典型誤答は一問一答だけで十分だと考えると、時間配分や複合論点への対応が弱くなることがあります。。 過去問では条件文の主語入れ替え肢に注意してください。
kyushoku-fukushoku,復習と学習記録の違い,設備・その他,学習法;整理,解き直しの学習行為と、結果を残す記録の違い・関係を整理します。,復習;学習記録,"[{""axis"": ""定義"", ""cols"": [""一度解いた問題を再確認して定着させること"", ""学習した内容や結果を残す記録""]}, {""axis"": ""目的"", ""cols"": [""理解の穴を埋める・定着"", ""進捗把握・弱点分析の材料""]}, {""axis"": ""具体例"", ""cols"": [""不正解問題の解き直し、関連用語の確認"", ""正誤履歴、ブックマーク、演習ログ""]}, {""axis"": ""関係"", ""cols"": [""記録を見て復習対象を決める"", ""復習の結果が記録に反映される""]}]",復習と学習記録の違い｜定着と分析の整理,復習は学習行為そのもの、学習記録はその結果を残して次の復習に活かす仕組みです。アプリ連携の復習機能とも対応します。解き直しの学習行為と、結果を残す記録の違い・関係を整理します。試験で押さえるべき点は、記録を見て復習対象を決める、正解でも迷った問題は復習対象にする、間隔を空けて解き直す。,記録を見て復習対象を決める;正解でも迷った問題は復習対象にする;間隔を空けて解き直す,記録を取るだけで復習したつもりになると、理解の確認まで進みません。,「記録で把握、復習で定着」と流れで覚えると実践しやすくなります。,36協定;4つのケア,「復習と学習記録の違い」の試験での位置づけは？,復習は学習行為そのもの、学習記録はその結果を残して次の復習に活かす仕組みです。アプリ連携の復習機能とも対応します。解き直しの学習行為と、結果を残す記録の違い・関係を整理します。試験で押さえるべき点は、記録を見て復習対象を決める、正解でも迷… 試験では記録を見て復習対象を決めるを軸に、関連条文・数値・主体の取り違えを照合してください。,「復習と学習記録の違い」でよくある誤答パターンは？,記録を取るだけで復習したつもりになると、理解の確認まで進みません。 誤答肢では正解でも迷った問題は復習対象にするの主語や条件が入れ替わることが多いので、比較表で整理してください。 過去問で正誤の型を分類し、試験要項で数値・期限を照合してください。,「復習と学習記録の違い」の覚え方・確認手順は？,覚え方：「記録で把握、復習で定着」と流れで覚えると実践しやすくなります。 用語集→本ページ→過去問の順で往復し、正誤理由をメモに残してください。 過去問で正誤の型を分類し、試験要項で数値・期限を照合してください。,「復習と学習記録の違い」の公式情報はどこで確認しますか？,「復習と学習記録の違い」では記録を見て復習対象を決めるを軸に、条文・数値・主体の取り違えを比較表で整理してください。 典型誤答は記録を取るだけで復習したつもりになると、理解の確認まで進みません。。 過去問では条件文の主語入れ替え肢に注意してください。
shokuba-fukki-haigo,過去問・実践演習・一問一答の使い分け,契約・実務,演習;学習法,サイト内の3つの演習モードの目的と向いている学習段階を一覧で整理します。,過去問;実践演翇;一問一答,"[{""axis"": ""主な目的"", ""cols"": [""出題傾向・論点の把握"", ""本番形式での総合力確認"", ""短時間での知識点検""]}, {""axis"": ""問題の特徴"", ""cols"": [""実際の出題形式・年度別"", ""分野横断・時間を意識"", ""1問が短く、用語確認向き""]}, {""axis"": ""向いている段階"", ""cols"": [""中盤以降の論点確認"", ""理解が進んだ後の実力測定"", ""学習初期〜直前の隙間時間""]}, {""axis"": ""サイト内の入口"", ""cols"": [""過去問一覧タブ"", ""実践演習一覧タブ"", ""一問一答一覧タブ""]}, {""axis"": ""復習のコツ"", ""cols"": [""解説と用語解説をセット"", ""時間配分を意識して解き直す"", ""間違えた用語を用語解説で確認""]}]",過去問・実践演習・一問一答の使い分け｜演習モード早見表,過去問一覧のタブ切替と同じ3モードを、学習段階別に整理した早見表です。テンプレートの比較表（3列）のサンプルとしても参照できます。サイト内の3つの演習モードの目的と向いている学習段階を一覧で整理します。試験で押さえるべき点は、初期は一問一答、中盤は過去問、後半は実践演習を中心に、各モードの解説で誤答理由まで確認、タブからモードを切り替えて弱点分野を補う。,初期は一問一答、中盤は過去問、後半は実践演習を中心に;各モードの解説で誤答理由まで確認;タブからモードを切り替えて弱点分野を補う,3モードのどれか1つだけで足りると考えると弱点が残りやすいです。,「点検→論点→総合」の順でモードを組み合わせると計画が立てやすくなります。,36協定;4つのケア,「過去問・実践演習・一問一答の使い分け」の試験での位置づけは？,過去問一覧のタブ切替と同じ3モードを、学習段階別に整理した早見表です。テンプレートの比較表（3列）のサンプルとしても参照できます。サイト内の3つの演習モードの目的と向いている学習段階を一覧で整理します。試験で押さえるべき点は、初期は一問一… 試験では初期は一問一答、中盤は過去問、後半は実践演習を中心にを軸に、関連条文・数値・主体の取り違えを照合してください。,「過去問・実践演習・一問一答の使い分け」でよくある誤答パターンは？,3モードのどれか1つだけで足りると考えると弱点が残りやすいです。 誤答肢では各モードの解説で誤答理由まで確認の主語や条件が入れ替わることが多いので、比較表で整理してください。 過去問で正誤の型を分類し、試験要項で数値・期限を照合してください。,「過去問・実践演習・一問一答の使い分け」の覚え方・確認手順は？,覚え方：「点検→論点→総合」の順でモードを組み合わせると計画が立てやすくなります。 用語集→本ページ→過去問の順で往復し、正誤理由をメモに残してください。 過去問で正誤の型を分類し、試験要項で数値・期限を照合してください。,「過去問・実践演習・一問一答の使い分け」の公式情報はどこで確認しますか？,「過去問・実践演習・一問一答の使い分け」では初期は一問一答、中盤は過去問、後半は実践演習を中心にを軸に、条文・数値・主体の取り違えを比較表で整理してください。 典型誤答は3モードのどれか1つだけで足りると考えると弱点が残りやすいです。。 過去問では条件文の主語入れ替え肢に注意してください。
kanrishoku-jinji,受験資格と合格基準の違い,法令・制度,制度;得点,申込前に確認する条件と、合否判定の基準の違いを整理します。,受験資格;合格基準,"[{""axis"": ""確認する問い"", ""cols"": [""受験できるか？"", ""合格するには何点必要か？""]}, {""axis"": ""主な内容"", ""cols"": [""年齢・学歴・実務経験など"", ""総得点・科目別基準点など""]}, {""axis"": ""確認タイミング"", ""cols"": [""申込前（必須）"", ""学習計画立案時・模試後""]}, {""axis"": ""情報源"", ""cols"": [""試験要項・公式案内"", ""試験要項・合格発表基準""]}, {""axis"": ""見落としやすい点"", ""cols"": [""例外条件・必要書類"", ""科目別の足切りライン""]}]",受験資格と合格基準の違い｜申込前と学習計画の整理,受験資格は「受けられるか」、合格基準は「取れば合格か」を示します。申込前と学習中で確認するタイミングが異なります。申込前に確認する条件と、合否判定の基準の違いを整理します。試験で押さえるべき点は、申込前は受験資格、計画時は合格基準を確認、科目別基準点を見落とさない、試験要項で最新条件を照合。,申込前は受験資格、計画時は合格基準を確認;科目別基準点を見落とさない;試験要項で最新条件を照合,受験資格と合格基準を同じ情報だと思い込むと、足切り基準を見落とすことがあります。,「受けられるか＝資格」「取れば合格＝基準」と分けて覚えます。,36協定;4つのケア,「受験資格と合格基準の違い」の試験での位置づけは？,受験資格は「受けられるか」、合格基準は「取れば合格か」を示します。申込前と学習中で確認するタイミングが異なります。申込前に確認する条件と、合否判定の基準の違いを整理します。試験で押さえるべき点は、申込前は受験資格、計画時は合格基準を確認… 試験では申込前は受験資格、計画時は合格基準を確認を軸に、関連条文・数値・主体の取り違えを照合してください。,「受験資格と合格基準の違い」でよくある誤答パターンは？,受験資格と合格基準を同じ情報だと思い込むと、足切り基準を見落とすことがあります。 誤答肢では科目別基準点を見落とさないの主語や条件が入れ替わることが多いので、比較表で整理してください。 過去問で正誤の型を分類し、試験要項で数値・期限を照合してください。,「受験資格と合格基準の違い」の覚え方・確認手順は？,覚え方：「受けられるか＝資格」「取れば合格＝基準」と分けて覚えます。 用語集→本ページ→過去問の順で往復し、正誤理由をメモに残してください。 過去問で正誤の型を分類し、試験要項で数値・期限を照合してください。,「受験資格と合格基準の違い」の公式情報はどこで確認しますか？,「受験資格と合格基準の違い」では申込前は受験資格、計画時は合格基準を確認を軸に、条文・数値・主体の取り違えを比較表で整理してください。 典型誤答は受験資格と合格基準を同じ情報だと思い込むと、足切り基準を見落とすことがあります。。 過去問では条件文の主語入れ替え肢に注意してください。
mental-tekiou,用語解説と比較表の使い分け,設備・その他,整理;用語集,意味の確認（用語解説）と差分の整理（比較表）を学習場面別に整理します。,用語解説;比較表,"[{""axis"": ""主な用途"", ""cols"": [""用語の定義・試験ポイントの確認"", ""似た概念・数字の横並び比較""]}, {""axis"": ""向いている場面"", ""cols"": [""初めて出会う語句・根拠の確認"", ""混同しやすい2〜3項目の整理""]}, {""axis"": ""ページ形式"", ""cols"": [""1語1ページの解説記事"", ""2〜3列の比較表ページ""]}, {""axis"": ""サイト内の入口"", ""cols"": [""用語解説タブ・用語一覧"", ""比較・整理表タブ・比較一覧""]}, {""axis"": ""併用のコツ"", ""cols"": [""比較表から関連用語リンクへ"", ""用語を読んだあと比較表で差分確認""]}]",用語解説と比較表の使い分け｜知識整理の2つの入口,用語解説は「意味を知る」、比較表は「違いを並べて確認する」ためのコンテンツです。このサイトの知識ハブの使い方サンプルです。意味の確認（用語解説）と差分の整理（比較表）を学習場面別に整理します。試験で押さえるべき点は、未知の語は用語解説、混同語は比較表、比較表の関連用語リンクをたどる、過去問演習とセットで確認。,未知の語は用語解説、混同語は比較表;比較表の関連用語リンクをたどる;過去問演習とセットで確認,用語解説だけ、または比較表だけに偏ると理解の穴が残ることがあります。,「意味＝用語解説」「差分＝比較表」と使い分けると効率的です。,36協定;4つのケア,「用語解説と比較表の使い分け」の試験での位置づけは？,用語解説は「意味を知る」、比較表は「違いを並べて確認する」ためのコンテンツです。このサイトの知識ハブの使い方サンプルです。意味の確認（用語解説）と差分の整理（比較表）を学習場面別に整理します。試験で押さえるべき点は、未知の語は用語解説、混… 試験では未知の語は用語解説、混同語は比較表を軸に、関連条文・数値・主体の取り違えを照合してください。,「用語解説と比較表の使い分け」でよくある誤答パターンは？,用語解説だけ、または比較表だけに偏ると理解の穴が残ることがあります。 誤答肢では比較表の関連用語リンクをたどるの主語や条件が入れ替わることが多いので、比較表で整理してください。 過去問で正誤の型を分類し、試験要項で数値・期限を照合してください。,「用語解説と比較表の使い分け」の覚え方・確認手順は？,覚え方：「意味＝用語解説」「差分＝比較表」と使い分けると効率的です。 用語集→本ページ→過去問の順で往復し、正誤理由をメモに残してください。 過去問で正誤の型を分類し、試験要項で数値・期限を照合してください。,「用語解説と比較表の使い分け」の公式情報はどこで確認しますか？,「用語解説と比較表の使い分け」では未知の語は用語解説、混同語は比較表を軸に、条文・数値・主体の取り違えを比較表で整理してください。 典型誤答は用語解説だけ、または比較表だけに偏ると理解の穴が残ることがあります。。 過去問では条件文の主語入れ替え肢に注意してください。
kakomon-ichimon,知識ハブ4タブの違い,設備・その他,知識ハブ;整理,用語解説・比較・数値・誤答の4タブの役割と学習での使い分けを整理します。,用語解説;比較・整理表;数値・期限;よくある誤答,"[{""axis"": ""目的"", ""cols"": [""1語の意味と試験ポイント"", ""似た概念の差分"", ""数字・期限の早見"", ""誤答パターンの整理""]}, {""axis"": ""形式"", ""cols"": [""1語1ページ"", ""2〜3列の表"", ""項目と数値の一覧"", ""誤りと正解の対比""]}, {""axis"": ""向く場面"", ""cols"": [""初見の語・根拠確認"", ""混同語の整理"", ""暗記・直前確認"", ""引っかけ対策""]}, {""axis"": ""入口"", ""cols"": [""用語解説タブ"", ""比較・整理表タブ"", ""数値・期限タブ"", ""よくある誤答タブ""]}]",知識ハブ4タブの違い｜テンプレートサイトの使い方,このテンプレートでは知識ハブを4種類に分けています。目的に応じてタブを切り替えると、学習コンテンツの配置例として活用できます。用語解説・比較・数値・誤答の4タブの役割と学習での使い分けを整理します。試験で押さえるべき点は、意味は用語解説、差分は比較表、数字は数値タブ、引っかけは誤答タブ。,意味は用語解説;差分は比較表;数字は数値タブ;引っかけは誤答タブ,1タブだけで全学習を完結させようとすると、数字や誤答対策が弱くなりがちです。,「意味→差分→数字→誤答」の順で巡回すると整理しやすいです。,36協定;4つのケア,「知識ハブ4タブの違い」の試験での位置づけは？,このテンプレートでは知識ハブを4種類に分けています。目的に応じてタブを切り替えると、学習コンテンツの配置例として活用できます。用語解説・比較・数値・誤答の4タブの役割と学習での使い分けを整理します。試験で押さえるべき点は、意味は用語解説… 試験では意味は用語解説を軸に、関連条文・数値・主体の取り違えを照合してください。,「知識ハブ4タブの違い」でよくある誤答パターンは？,1タブだけで全学習を完結させようとすると、数字や誤答対策が弱くなりがちです。 誤答肢では差分は比較表の主語や条件が入れ替わることが多いので、比較表で整理してください。 過去問で正誤の型を分類し、試験要項で数値・期限を照合してください。,「知識ハブ4タブの違い」の覚え方・確認手順は？,覚え方：「意味→差分→数字→誤答」の順で巡回すると整理しやすいです。 用語集→本ページ→過去問の順で往復し、正誤理由をメモに残してください。 過去問で正誤の型を分類し、試験要項で数値・期限を照合してください。,「知識ハブ4タブの違い」の公式情報はどこで確認しますか？,「知識ハブ4タブの違い」では意味は用語解説を軸に、条文・数値・主体の取り違えを比較表で整理してください。 典型誤答は1タブだけで全学習を完結させようとすると、数字や誤答対策が弱くなりがちです。。 過去問では条件文の主語入れ替え肢に注意してください。
koushiki-youkou,比較表と数値早見の違い,設備・その他,比較表;数値,概念の差分を並べる比較表と、数字・期限を並べる数値早見の使い分けを整理します。,比較・整理表;数値・期限早見,"[{""axis"": ""主な内容"", ""cols"": [""2〜3項目の違い"", ""割合・年数・期限""]}, {""axis"": ""学習効果"", ""cols"": [""混同防止"", ""暗記・直前確認""]}, {""axis"": ""例"", ""cols"": [""媒介と代理"", ""35条8日・37条5日""]}, {""axis"": ""関連"", ""cols"": [""用語解説へリンク"", ""試験要項で裏取り""]}]",比較表と数値早見の違い｜テンプレート早見表,比較表は「違い」、数値早見は「数字」に特化したページです。両方を往復すると理解が定着しやすくなります。概念の差分を並べる比較表と、数字・期限を並べる数値早見の使い分けを整理します。試験で押さえるべき点は、混同は比較、暗記は数値、公式で裏取り、用語とセット。,混同は比較;暗記は数値;公式で裏取り;用語とセット,数値だけ暗記し比較で意味を確認しないと、類似数字の入れ替えに弱くなります。,「違い＝比較」「数字＝数値」と役割で分けてください。,36協定;4つのケア,「比較表と数値早見の違い」の試験での位置づけは？,比較表は「違い」、数値早見は「数字」に特化したページです。両方を往復すると理解が定着しやすくなります。概念の差分を並べる比較表と、数字・期限を並べる数値早見の使い分けを整理します。試験で押さえるべき点は、混同は比較、暗記は数値、公式で裏取… 試験では混同は比較を軸に、関連条文・数値・主体の取り違えを照合してください。,「比較表と数値早見の違い」でよくある誤答パターンは？,数値だけ暗記し比較で意味を確認しないと、類似数字の入れ替えに弱くなります。 誤答肢では暗記は数値の主語や条件が入れ替わることが多いので、比較表で整理してください。 過去問で正誤の型を分類し、試験要項で数値・期限を照合してください。,「比較表と数値早見の違い」の覚え方・確認手順は？,覚え方：「違い＝比較」「数字＝数値」と役割で分けてください。 用語集→本ページ→過去問の順で往復し、正誤理由をメモに残してください。 過去問で正誤の型を分類し、試験要項で数値・期限を照合してください。,「比較表と数値早見の違い」の公式情報はどこで確認しますか？,「比較表と数値早見の違い」では混同は比較を軸に、条文・数値・主体の取り違えを比較表で整理してください。 典型誤答は数値だけ暗記し比較で意味を確認しないと、類似数字の入れ替えに弱くなります。。 過去問では条件文の主語入れ替え肢に注意してください。
s31-stress-primary-secondary,一次予防と二次予防の違い,基礎・役割,メンタルヘルスII種;;比較,一次予防と二次予防の違いを、試験問題で混同しやすい5軸で整理します。,観点A;観点B,"[{""axis"": ""目的"", ""cols"": [""制度の役割を確認"", ""実務での運用を確認""]}, {""axis"": ""主体"", ""cols"": [""誰が主導するかを整理"", ""誰と連携するかを整理""]}, {""axis"": ""実施タイミング"", ""cols"": [""平時の対応かを確認"", ""発生後の対応かを確認""]}, {""axis"": ""試験での見分け"", ""cols"": [""キーワードで判別"", ""主語の入替えに注意""]}, {""axis"": ""誤答防止"", ""cols"": [""比較軸を先に決める"", ""条件文を最後まで読む""]}]",一次予防と二次予防の違い｜メンタルヘルスII種,、用語の定義だけでなく制度運用の差を説明できることを目標にします。比較軸を固定してから問題を読むと、主体・目的の入替え肢に強くなります。,主体と目的を同時に確認;時系列で整理;比較軸を先に固定する,制度名だけで判断する;主語を読み飛ばす;運用時点を混同する,「目的→主体→時点」で毎回判定する。,メンタルヘルス不調の定義;管理監督者への教育研修・情報提供;人事労務管理スタッフ,「一次予防と二次予防の違い」の試験での位置づけは？,、用語の定義だけでなく制度運用の差を説明できることを目標にします。比較軸を固定してから問題を読むと、主体・目的の入替え肢に強くなります。 試験では主体と目的を同時に確認を軸に、関連条文・数値・主体の取り違えを照合してください。,「一次予防と二次予防の違い」でよくある誤答パターンは？,制度名だけで判断する;主語を読み飛ばす;運用時点を混同する 誤答肢では時系列で整理の主語や条件が入れ替わることが多いので、比較表で整理してください。 過去問で正誤の型を分類し、試験要項で数値・期限を照合してください。,「一次予防と二次予防の違い」の覚え方・確認手順は？,「一次予防と二次予防の違い」では主体と目的を同時に確認を軸に、条文・数値・主体の取り違えを比較表で整理してください。 典型誤答は制度名だけで判断する;主語を読み飛ばす;運用時点を混同する。 過去問では条件文の主語入れ替え肢に注意してください。,「一次予防と二次予防の違い」の公式情報はどこで確認しますか？,「一次予防と二次予防の違い」では主体と目的を同時に確認を軸に、条文・数値・主体の取り違えを比較表で整理してください。 典型誤答は制度名だけで判断する;主語を読み飛ばす;運用時点を混同する。 過去問では条件文の主語入れ替え肢に注意してください。
s31-harassment-reporting,ハラスメント相談と通報対応の違い,職場環境・配慮,メンタルヘルスII種;;比較,ハラスメント相談と通報対応の違いを、試験問題で混同しやすい5軸で整理します。,観点A;観点B,"[{""axis"": ""目的"", ""cols"": [""制度の役割を確認"", ""実務での運用を確認""]}, {""axis"": ""主体"", ""cols"": [""誰が主導するかを整理"", ""誰と連携するかを整理""]}, {""axis"": ""実施タイミング"", ""cols"": [""平時の対応かを確認"", ""発生後の対応かを確認""]}, {""axis"": ""試験での見分け"", ""cols"": [""キーワードで判別"", ""主語の入替えに注意""]}, {""axis"": ""誤答防止"", ""cols"": [""比較軸を先に決める"", ""条件文を最後まで読む""]}]",ハラスメント相談と通報対応の違い｜メンタルヘルスII種,、用語の定義だけでなく制度運用の差を説明できることを目標にします。比較軸を固定してから問題を読むと、主体・目的の入替え肢に強くなります。,主体と目的を同時に確認;時系列で整理;比較軸を先に固定する,制度名だけで判断する;主語を読み飛ばす;運用時点を混同する,「目的→主体→時点」で毎回判定する。,ストレスチェック;面接指導;長時間労働,「ハラスメント相談と通報対応の違い」の試験での位置づけは？,、用語の定義だけでなく制度運用の差を説明できることを目標にします。比較軸を固定してから問題を読むと、主体・目的の入替え肢に強くなります。 試験では主体と目的を同時に確認を軸に、関連条文・数値・主体の取り違えを照合してください。,「ハラスメント相談と通報対応の違い」でよくある誤答パターンは？,制度名だけで判断する;主語を読み飛ばす;運用時点を混同する 誤答肢では時系列で整理の主語や条件が入れ替わることが多いので、比較表で整理してください。 過去問で正誤の型を分類し、試験要項で数値・期限を照合してください。,「ハラスメント相談と通報対応の違い」の覚え方・確認手順は？,「ハラスメント相談と通報対応の違い」では主体と目的を同時に確認を軸に、条文・数値・主体の取り違えを比較表で整理してください。 典型誤答は制度名だけで判断する;主語を読み飛ばす;運用時点を混同する。 過去問では条件文の主語入れ替え肢に注意してください。,「ハラスメント相談と通報対応の違い」の公式情報はどこで確認しますか？,「ハラスメント相談と通報対応の違い」では主体と目的を同時に確認を軸に、条文・数値・主体の取り違えを比較表で整理してください。 典型誤答は制度名だけで判断する;主語を読み飛ばす;運用時点を混同する。 過去問では条件文の主語入れ替え肢に注意してください。
s31-linecare-selfcare,ラインケアとセルフケアの使い分け,基礎・役割,メンタルヘルスII種;;比較,ラインケアとセルフケアの使い分けを、試験問題で混同しやすい5軸で整理します。,観点A;観点B,"[{""axis"": ""目的"", ""cols"": [""制度の役割を確認"", ""実務での運用を確認""]}, {""axis"": ""主体"", ""cols"": [""誰が主導するかを整理"", ""誰と連携するかを整理""]}, {""axis"": ""実施タイミング"", ""cols"": [""平時の対応かを確認"", ""発生後の対応かを確認""]}, {""axis"": ""試験での見分け"", ""cols"": [""キーワードで判別"", ""主語の入替えに注意""]}, {""axis"": ""誤答防止"", ""cols"": [""比較軸を先に決める"", ""条件文を最後まで読む""]}]",ラインケアとセルフケアの使い分け｜メンタルヘルスII種,、用語の定義だけでなく制度運用の差を説明できることを目標にします。比較軸を固定してから問題を読むと、主体・目的の入替え肢に強くなります。,主体と目的を同時に確認;時系列で整理;比較軸を先に固定する,制度名だけで判断する;主語を読み飛ばす;運用時点を混同する,「目的→主体→時点」で毎回判定する。,メンタルヘルス不調の定義;管理監督者への教育研修・情報提供;人事労務管理スタッフ,「ラインケアとセルフケアの使い分け」の試験での位置づけは？,、用語の定義だけでなく制度運用の差を説明できることを目標にします。比較軸を固定してから問題を読むと、主体・目的の入替え肢に強くなります。 試験では主体と目的を同時に確認を軸に、関連条文・数値・主体の取り違えを照合してください。,「ラインケアとセルフケアの使い分け」でよくある誤答パターンは？,制度名だけで判断する;主語を読み飛ばす;運用時点を混同する 誤答肢では時系列で整理の主語や条件が入れ替わることが多いので、比較表で整理してください。 過去問で正誤の型を分類し、試験要項で数値・期限を照合してください。,「ラインケアとセルフケアの使い分け」の覚え方・確認手順は？,「ラインケアとセルフケアの使い分け」では主体と目的を同時に確認を軸に、条文・数値・主体の取り違えを比較表で整理してください。 典型誤答は制度名だけで判断する;主語を読み飛ばす;運用時点を混同する。 過去問では条件文の主語入れ替え肢に注意してください。,「ラインケアとセルフケアの使い分け」の公式情報はどこで確認しますか？,「ラインケアとセルフケアの使い分け」では主体と目的を同時に確認を軸に、条文・数値・主体の取り違えを比較表で整理してください。 典型誤答は制度名だけで判断する;主語を読み飛ばす;運用時点を混同する。 過去問では条件文の主語入れ替え肢に注意してください。
s31-sangyoui-jinji-renkei,産業医連携と人事調整の違い,相談・連携・復職,メンタルヘルスII種;;比較,産業医連携と人事調整の違いを、試験問題で混同しやすい5軸で整理します。,観点A;観点B,"[{""axis"": ""目的"", ""cols"": [""制度の役割を確認"", ""実務での運用を確認""]}, {""axis"": ""主体"", ""cols"": [""誰が主導するかを整理"", ""誰と連携するかを整理""]}, {""axis"": ""実施タイミング"", ""cols"": [""平時の対応かを確認"", ""発生後の対応かを確認""]}, {""axis"": ""試験での見分け"", ""cols"": [""キーワードで判別"", ""主語の入替えに注意""]}, {""axis"": ""誤答防止"", ""cols"": [""比較軸を先に決める"", ""条件文を最後まで読む""]}]",産業医連携と人事調整の違い｜メンタルヘルスII種,、用語の定義だけでなく制度運用の差を説明できることを目標にします。比較軸を固定してから問題を読むと、主体・目的の入替え肢に強くなります。,主体と目的を同時に確認;時系列で整理;比較軸を先に固定する,制度名だけで判断する;主語を読み飛ばす;運用時点を混同する,「目的→主体→時点」で毎回判定する。,休職;復職;段階的復職,「産業医連携と人事調整の違い」の試験での位置づけは？,、用語の定義だけでなく制度運用の差を説明できることを目標にします。比較軸を固定してから問題を読むと、主体・目的の入替え肢に強くなります。 試験では主体と目的を同時に確認を軸に、関連条文・数値・主体の取り違えを照合してください。,「産業医連携と人事調整の違い」でよくある誤答パターンは？,制度名だけで判断する;主語を読み飛ばす;運用時点を混同する 誤答肢では時系列で整理の主語や条件が入れ替わることが多いので、比較表で整理してください。 過去問で正誤の型を分類し、試験要項で数値・期限を照合してください。,「産業医連携と人事調整の違い」の覚え方・確認手順は？,「産業医連携と人事調整の違い」では主体と目的を同時に確認を軸に、条文・数値・主体の取り違えを比較表で整理してください。 典型誤答は制度名だけで判断する;主語を読み飛ばす;運用時点を混同する。 過去問では条件文の主語入れ替え肢に注意してください。,「産業医連携と人事調整の違い」の公式情報はどこで確認しますか？,「産業医連携と人事調整の違い」では主体と目的を同時に確認を軸に、条文・数値・主体の取り違えを比較表で整理してください。 典型誤答は制度名だけで判断する;主語を読み飛ばす;運用時点を混同する。 過去問では条件文の主語入れ替え肢に注意してください。
s31-choujikan-kenshin,長時間面接と健診フォローの違い,職場環境・配慮,メンタルヘルスII種;;比較,長時間面接と健診フォローの違いを、試験問題で混同しやすい5軸で整理します。,観点A;観点B,"[{""axis"": ""目的"", ""cols"": [""制度の役割を確認"", ""実務での運用を確認""]}, {""axis"": ""主体"", ""cols"": [""誰が主導するかを整理"", ""誰と連携するかを整理""]}, {""axis"": ""実施タイミング"", ""cols"": [""平時の対応かを確認"", ""発生後の対応かを確認""]}, {""axis"": ""試験での見分け"", ""cols"": [""キーワードで判別"", ""主語の入替えに注意""]}, {""axis"": ""誤答防止"", ""cols"": [""比較軸を先に決める"", ""条件文を最後まで読む""]}]",長時間面接と健診フォローの違い｜メンタルヘルスII種,、用語の定義だけでなく制度運用の差を説明できることを目標にします。比較軸を固定してから問題を読むと、主体・目的の入替え肢に強くなります。,主体と目的を同時に確認;時系列で整理;比較軸を先に固定する,制度名だけで判断する;主語を読み飛ばす;運用時点を混同する,「目的→主体→時点」で毎回判定する。,ストレスチェック;面接指導;長時間労働,「長時間面接と健診フォローの違い」の試験での位置づけは？,、用語の定義だけでなく制度運用の差を説明できることを目標にします。比較軸を固定してから問題を読むと、主体・目的の入替え肢に強くなります。 試験では主体と目的を同時に確認を軸に、関連条文・数値・主体の取り違えを照合してください。,「長時間面接と健診フォローの違い」でよくある誤答パターンは？,制度名だけで判断する;主語を読み飛ばす;運用時点を混同する 誤答肢では時系列で整理の主語や条件が入れ替わることが多いので、比較表で整理してください。 過去問で正誤の型を分類し、試験要項で数値・期限を照合してください。,「長時間面接と健診フォローの違い」の覚え方・確認手順は？,「長時間面接と健診フォローの違い」では主体と目的を同時に確認を軸に、条文・数値・主体の取り違えを比較表で整理してください。 典型誤答は制度名だけで判断する;主語を読み飛ばす;運用時点を混同する。 過去問では条件文の主語入れ替え肢に注意してください。,「長時間面接と健診フォローの違い」の公式情報はどこで確認しますか？,「長時間面接と健診フォローの違い」では主体と目的を同時に確認を軸に、条文・数値・主体の取り違えを比較表で整理してください。 典型誤答は制度名だけで判断する;主語を読み飛ばす;運用時点を混同する。 過去問では条件文の主語入れ替え肢に注意してください。
s31-kyushoku-shushoku,休職支援と就業配慮の違い,相談・連携・復職,メンタルヘルスII種;;比較,休職支援と就業配慮の違いを、試験問題で混同しやすい5軸で整理します。,観点A;観点B,"[{""axis"": ""目的"", ""cols"": [""制度の役割を確認"", ""実務での運用を確認""]}, {""axis"": ""主体"", ""cols"": [""誰が主導するかを整理"", ""誰と連携するかを整理""]}, {""axis"": ""実施タイミング"", ""cols"": [""平時の対応かを確認"", ""発生後の対応かを確認""]}, {""axis"": ""試験での見分け"", ""cols"": [""キーワードで判別"", ""主語の入替えに注意""]}, {""axis"": ""誤答防止"", ""cols"": [""比較軸を先に決める"", ""条件文を最後まで読む""]}]",休職支援と就業配慮の違い｜メンタルヘルスII種,、用語の定義だけでなく制度運用の差を説明できることを目標にします。比較軸を固定してから問題を読むと、主体・目的の入替え肢に強くなります。,主体と目的を同時に確認;時系列で整理;比較軸を先に固定する,制度名だけで判断する;主語を読み飛ばす;運用時点を混同する,「目的→主体→時点」で毎回判定する。,休職;復職;段階的復職,「休職支援と就業配慮の違い」の試験での位置づけは？,、用語の定義だけでなく制度運用の差を説明できることを目標にします。比較軸を固定してから問題を読むと、主体・目的の入替え肢に強くなります。 試験では主体と目的を同時に確認を軸に、関連条文・数値・主体の取り違えを照合してください。,「休職支援と就業配慮の違い」でよくある誤答パターンは？,制度名だけで判断する;主語を読み飛ばす;運用時点を混同する 誤答肢では時系列で整理の主語や条件が入れ替わることが多いので、比較表で整理してください。 過去問で正誤の型を分類し、試験要項で数値・期限を照合してください。,「休職支援と就業配慮の違い」の覚え方・確認手順は？,「休職支援と就業配慮の違い」では主体と目的を同時に確認を軸に、条文・数値・主体の取り違えを比較表で整理してください。 典型誤答は制度名だけで判断する;主語を読み飛ばす;運用時点を混同する。 過去問では条件文の主語入れ替え肢に注意してください。,「休職支援と就業配慮の違い」の公式情報はどこで確認しますか？,「休職支援と就業配慮の違い」では主体と目的を同時に確認を軸に、条文・数値・主体の取り違えを比較表で整理してください。 典型誤答は制度名だけで判断する;主語を読み飛ばす;運用時点を混同する。 過去問では条件文の主語入れ替え肢に注意してください。
s32-kyushoku-shushoku,休職手続と復職手続の違い,相談・連携・復職,メンタルヘルスII種;;比較,休職手続と復職手続の違いを、試験で混同しやすい5軸で整理します。,観点A;観点B,"[{""axis"": ""目的"", ""cols"": [""制度上の位置づけ"", ""職場運用の実務""]}, {""axis"": ""主体"", ""cols"": [""誰が実施するか"", ""誰と連携するか""]}, {""axis"": ""時点"", ""cols"": [""休職前後・復職時"", ""平時・事後""]}, {""axis"": ""試験の見分け"", ""cols"": [""キーワード判別"", ""主語の入替え""]}, {""axis"": ""誤答防止"", ""cols"": [""比較軸を先に固定"", ""条件文を最後まで読む""]}]",休職手続と復職手続の違い｜メンタルヘルスII種,職場復帰・休職復職・医師面接・集団分析など、実務プロセスの差を説明できることを目標にします。,目的・主体・時点を同時確認;比較軸を先に固定;制度名だけで判断しない,主語の読み飛ばし;時系列の逆転;類似制度の混同,「目的→主体→時点」で毎回判定。,休職;復職;段階的復職,「休職手続と復職手続の違い」の試験での位置づけは？,職場復帰・休職復職・医師面接・集団分析など、実務プロセスの差を説明できることを目標にします。 試験では目的・主体・時点を同時確認を軸に、関連条文・数値・主体の取り違えを照合してください。 過去問で正誤の型を分類し、試験要項で数値・期限を照合してください。,「休職手続と復職手続の違い」でよくある誤答パターンは？,主語の読み飛ばし;時系列の逆転;類似制度の混同 誤答肢では比較軸を先に固定の主語や条件が入れ替わることが多いので、比較表で整理してください。 過去問で正誤の型を分類し、試験要項で数値・期限を照合してください。,「休職手続と復職手続の違い」の覚え方・確認手順は？,「休職手続と復職手続の違い」では目的・主体・時点を同時確認を軸に、条文・数値・主体の取り違えを比較表で整理してください。 典型誤答は主語の読み飛ばし;時系列の逆転;類似制度の混同。 過去問では条件文の主語入れ替え肢に注意してください。,「休職手続と復職手続の違い」の公式情報はどこで確認しますか？,「休職手続と復職手続の違い」では目的・主体・時点を同時確認を軸に、条文・数値・主体の取り違えを比較表で整理してください。 典型誤答は主語の読み飛ばし;時系列の逆転;類似制度の混同。 過去問では条件文の主語入れ替え肢に注意してください。
s31-kikikanri-fukki,危機介入と復職支援の違い,相談・連携・復職,メンタルヘルスII種;;比較,危機介入と復職支援の違いを、試験問題で混同しやすい5軸で整理します。,観点A;観点B,"[{""axis"": ""目的"", ""cols"": [""制度の役割を確認"", ""実務での運用を確認""]}, {""axis"": ""主体"", ""cols"": [""誰が主導するかを整理"", ""誰と連携するかを整理""]}, {""axis"": ""実施タイミング"", ""cols"": [""平時の対応かを確認"", ""発生後の対応かを確認""]}, {""axis"": ""試験での見分け"", ""cols"": [""キーワードで判別"", ""主語の入替えに注意""]}, {""axis"": ""誤答防止"", ""cols"": [""比較軸を先に決める"", ""条件文を最後まで読む""]}]",危機介入と復職支援の違い｜メンタルヘルスII種,、用語の定義だけでなく制度運用の差を説明できることを目標にします。比較軸を固定してから問題を読むと、主体・目的の入替え肢に強くなります。,主体と目的を同時に確認;時系列で整理;比較軸を先に固定する,制度名だけで判断する;主語を読み飛ばす;運用時点を混同する,「目的→主体→時点」で毎回判定する。,休職;復職;段階的復職,「危機介入と復職支援の違い」の試験での位置づけは？,、用語の定義だけでなく制度運用の差を説明できることを目標にします。比較軸を固定してから問題を読むと、主体・目的の入替え肢に強くなります。 試験では主体と目的を同時に確認を軸に、関連条文・数値・主体の取り違えを照合してください。,「危機介入と復職支援の違い」でよくある誤答パターンは？,制度名だけで判断する;主語を読み飛ばす;運用時点を混同する 誤答肢では時系列で整理の主語や条件が入れ替わることが多いので、比較表で整理してください。 過去問で正誤の型を分類し、試験要項で数値・期限を照合してください。,「危機介入と復職支援の違い」の覚え方・確認手順は？,「危機介入と復職支援の違い」では主体と目的を同時に確認を軸に、条文・数値・主体の取り違えを比較表で整理してください。 典型誤答は制度名だけで判断する;主語を読み飛ばす;運用時点を混同する。 過去問では条件文の主語入れ替え肢に注意してください。,「危機介入と復職支援の違い」の公式情報はどこで確認しますか？,「危機介入と復職支援の違い」では主体と目的を同時に確認を軸に、条文・数値・主体の取り違えを比較表で整理してください。 典型誤答は制度名だけで判断する;主語を読み飛ばす;運用時点を混同する。 過去問では条件文の主語入れ替え肢に注意してください。
s31-kenshu-jisshi-hyouka,研修実施と効果評価の違い,基礎・役割,メンタルヘルスII種;;比較,研修実施と効果評価の違いを、試験問題で混同しやすい5軸で整理します。,観点A;観点B,"[{""axis"": ""目的"", ""cols"": [""制度の役割を確認"", ""実務での運用を確認""]}, {""axis"": ""主体"", ""cols"": [""誰が主導するかを整理"", ""誰と連携するかを整理""]}, {""axis"": ""実施タイミング"", ""cols"": [""平時の対応かを確認"", ""発生後の対応かを確認""]}, {""axis"": ""試験での見分け"", ""cols"": [""キーワードで判別"", ""主語の入替えに注意""]}, {""axis"": ""誤答防止"", ""cols"": [""比較軸を先に決める"", ""条件文を最後まで読む""]}]",研修実施と効果評価の違い｜メンタルヘルスII種,、用語の定義だけでなく制度運用の差を説明できることを目標にします。比較軸を固定してから問題を読むと、主体・目的の入替え肢に強くなります。,主体と目的を同時に確認;時系列で整理;比較軸を先に固定する,制度名だけで判断する;主語を読み飛ばす;運用時点を混同する,「目的→主体→時点」で毎回判定する。,メンタルヘルス不調の定義;管理監督者への教育研修・情報提供;人事労務管理スタッフ,「研修実施と効果評価の違い」の試験での位置づけは？,、用語の定義だけでなく制度運用の差を説明できることを目標にします。比較軸を固定してから問題を読むと、主体・目的の入替え肢に強くなります。 試験では主体と目的を同時に確認を軸に、関連条文・数値・主体の取り違えを照合してください。,「研修実施と効果評価の違い」でよくある誤答パターンは？,制度名だけで判断する;主語を読み飛ばす;運用時点を混同する 誤答肢では時系列で整理の主語や条件が入れ替わることが多いので、比較表で整理してください。 過去問で正誤の型を分類し、試験要項で数値・期限を照合してください。,「研修実施と効果評価の違い」の覚え方・確認手順は？,「研修実施と効果評価の違い」では主体と目的を同時に確認を軸に、条文・数値・主体の取り違えを比較表で整理してください。 典型誤答は制度名だけで判断する;主語を読み飛ばす;運用時点を混同する。 過去問では条件文の主語入れ替え肢に注意してください。,「研修実施と効果評価の違い」の公式情報はどこで確認しますか？,「研修実施と効果評価の違い」では主体と目的を同時に確認を軸に、条文・数値・主体の取り違えを比較表で整理してください。 典型誤答は制度名だけで判断する;主語を読み飛ばす;運用時点を混同する。 過去問では条件文の主語入れ替え肢に注意してください。
s31-stress-kumiai,ストレス要因分析と組織改善（整理）,職場環境・配慮,メンタルヘルスII種;;比較,ストレス要因分析と組織改善を、試験問題で混同しやすい5軸で整理します。,観点A;観点B,"[{""axis"": ""目的"", ""cols"": [""制度の役割を確認"", ""実務での運用を確認""]}, {""axis"": ""主体"", ""cols"": [""誰が主導するかを整理"", ""誰と連携するかを整理""]}, {""axis"": ""実施タイミング"", ""cols"": [""平時の対応かを確認"", ""発生後の対応かを確認""]}, {""axis"": ""試験での見分け"", ""cols"": [""キーワードで判別"", ""主語の入替えに注意""]}, {""axis"": ""誤答防止"", ""cols"": [""比較軸を先に決める"", ""条件文を最後まで読む""]}]",ストレス要因分析と組織改善｜メンタルヘルスII種,、用語の定義だけでなく制度運用の差を説明できることを目標にします。比較軸を固定してから問題を読むと、主体・目的の入替え肢に強くなります。,主体と目的を同時に確認;時系列で整理;比較軸を先に固定する,制度名だけで判断する;主語を読み飛ばす;運用時点を混同する,「目的→主体→時点」で毎回判定する。,ストレスチェック;面接指導;長時間労働,「ストレス要因分析と組織改善」の試験での位置づけは？,、用語の定義だけでなく制度運用の差を説明できることを目標にします。比較軸を固定してから問題を読むと、主体・目的の入替え肢に強くなります。 試験では主体と目的を同時に確認を軸に、関連条文・数値・主体の取り違えを照合してください。,「ストレス要因分析と組織改善」でよくある誤答パターンは？,制度名だけで判断する;主語を読み飛ばす;運用時点を混同する 誤答肢では時系列で整理の主語や条件が入れ替わることが多いので、比較表で整理してください。 過去問で正誤の型を分類し、試験要項で数値・期限を照合してください。,「ストレス要因分析と組織改善」の覚え方・確認手順は？,「ストレス要因分析と組織改善」では主体と目的を同時に確認を軸に、条文・数値・主体の取り違えを比較表で整理してください。 典型誤答は制度名だけで判断する;主語を読み飛ばす;運用時点を混同する。 過去問では条件文の主語入れ替え肢に注意してください。,「ストレス要因分析と組織改善」の公式情報はどこで確認しますか？,「ストレス要因分析と組織改善」では主体と目的を同時に確認を軸に、条文・数値・主体の取り違えを比較表で整理してください。 典型誤答は制度名だけで判断する;主語を読み飛ばす;運用時点を混同する。 過去問では条件文の主語入れ替え肢に注意してください。
s31-youkou-koushin,要項確認と社内ルール確認の違い,基礎・役割,メンタルヘルスII種;;比較,要項確認と社内ルール確認の違いを、試験問題で混同しやすい5軸で整理します。,観点A;観点B,"[{""axis"": ""目的"", ""cols"": [""制度の役割を確認"", ""実務での運用を確認""]}, {""axis"": ""主体"", ""cols"": [""誰が主導するかを整理"", ""誰と連携するかを整理""]}, {""axis"": ""実施タイミング"", ""cols"": [""平時の対応かを確認"", ""発生後の対応かを確認""]}, {""axis"": ""試験での見分け"", ""cols"": [""キーワードで判別"", ""主語の入替えに注意""]}, {""axis"": ""誤答防止"", ""cols"": [""比較軸を先に決める"", ""条件文を最後まで読む""]}]",要項確認と社内ルール確認の違い｜メンタルヘルスII種,、用語の定義だけでなく制度運用の差を説明できることを目標にします。比較軸を固定してから問題を読むと、主体・目的の入替え肢に強くなります。,主体と目的を同時に確認;時系列で整理;比較軸を先に固定する,制度名だけで判断する;主語を読み飛ばす;運用時点を混同する,「目的→主体→時点」で毎回判定する。,メンタルヘルス不調の定義;管理監督者への教育研修・情報提供;人事労務管理スタッフ,「要項確認と社内ルール確認の違い」の試験での位置づけは？,、用語の定義だけでなく制度運用の差を説明できることを目標にします。比較軸を固定してから問題を読むと、主体・目的の入替え肢に強くなります。 試験では主体と目的を同時に確認を軸に、関連条文・数値・主体の取り違えを照合してください。,「要項確認と社内ルール確認の違い」でよくある誤答パターンは？,制度名だけで判断する;主語を読み飛ばす;運用時点を混同する 誤答肢では時系列で整理の主語や条件が入れ替わることが多いので、比較表で整理してください。 過去問で正誤の型を分類し、試験要項で数値・期限を照合してください。,「要項確認と社内ルール確認の違い」の覚え方・確認手順は？,「要項確認と社内ルール確認の違い」では主体と目的を同時に確認を軸に、条文・数値・主体の取り違えを比較表で整理してください。 典型誤答は制度名だけで判断する;主語を読み飛ばす;運用時点を混同する。 過去問では条件文の主語入れ替え肢に注意してください。,「要項確認と社内ルール確認の違い」の公式情報はどこで確認しますか？,「要項確認と社内ルール確認の違い」では主体と目的を同時に確認を軸に、条文・数値・主体の取り違えを比較表で整理してください。 典型誤答は制度名だけで判断する;主語を読み飛ばす;運用時点を混同する。 過去問では条件文の主語入れ替え肢に注意してください。
s32-shokuba-fukki,職場復帰支援と就業配慮の違い,相談・連携・復職,メンタルヘルスII種;;比較,職場復帰支援と就業配慮の違いを、試験で混同しやすい5軸で整理します。,観点A;観点B,"[{""axis"": ""目的"", ""cols"": [""制度上の位置づけ"", ""職場運用の実務""]}, {""axis"": ""主体"", ""cols"": [""誰が実施するか"", ""誰と連携するか""]}, {""axis"": ""時点"", ""cols"": [""休職前後・復職時"", ""平時・事後""]}, {""axis"": ""試験の見分け"", ""cols"": [""キーワード判別"", ""主語の入替え""]}, {""axis"": ""誤答防止"", ""cols"": [""比較軸を先に固定"", ""条件文を最後まで読む""]}]",職場復帰支援と就業配慮の違い｜メンタルヘルスII種,職場復帰・休職復職・医師面接・集団分析など、実務プロセスの差を説明できることを目標にします。,目的・主体・時点を同時確認;比較軸を先に固定;制度名だけで判断しない,主語の読み飛ばし;時系列の逆転;類似制度の混同,「目的→主体→時点」で毎回判定。,休職;復職;段階的復職,「職場復帰支援と就業配慮の違い」の試験での位置づけは？,職場復帰・休職復職・医師面接・集団分析など、実務プロセスの差を説明できることを目標にします。 試験では目的・主体・時点を同時確認を軸に、関連条文・数値・主体の取り違えを照合してください。 過去問で正誤の型を分類し、試験要項で数値・期限を照合してください。,「職場復帰支援と就業配慮の違い」でよくある誤答パターンは？,主語の読み飛ばし;時系列の逆転;類似制度の混同 誤答肢では比較軸を先に固定の主語や条件が入れ替わることが多いので、比較表で整理してください。 過去問で正誤の型を分類し、試験要項で数値・期限を照合してください。,「職場復帰支援と就業配慮の違い」の覚え方・確認手順は？,「職場復帰支援と就業配慮の違い」では目的・主体・時点を同時確認を軸に、条文・数値・主体の取り違えを比較表で整理してください。 典型誤答は主語の読み飛ばし;時系列の逆転;類似制度の混同。 過去問では条件文の主語入れ替え肢に注意してください。,「職場復帰支援と就業配慮の違い」の公式情報はどこで確認しますか？,「職場復帰支援と就業配慮の違い」では目的・主体・時点を同時確認を軸に、条文・数値・主体の取り違えを比較表で整理してください。 典型誤答は主語の読み飛ばし;時系列の逆転;類似制度の混同。 過去問では条件文の主語入れ替え肢に注意してください。
s32-ishim-mensetsu,医師面接と産業医面接の違い,職場環境・配慮,メンタルヘルスII種;;比較,医師面接と産業医面接の違いを、試験で混同しやすい5軸で整理します。,観点A;観点B,"[{""axis"": ""目的"", ""cols"": [""制度上の位置づけ"", ""職場運用の実務""]}, {""axis"": ""主体"", ""cols"": [""誰が実施するか"", ""誰と連携するか""]}, {""axis"": ""時点"", ""cols"": [""休職前後・復職時"", ""平時・事後""]}, {""axis"": ""試験の見分け"", ""cols"": [""キーワード判別"", ""主語の入替え""]}, {""axis"": ""誤答防止"", ""cols"": [""比較軸を先に固定"", ""条件文を最後まで読む""]}]",医師面接と産業医面接の違い｜メンタルヘルスII種,職場復帰・休職復職・医師面接・集団分析など、実務プロセスの差を説明できることを目標にします。,目的・主体・時点を同時確認;比較軸を先に固定;制度名だけで判断しない,主語の読み飛ばし;時系列の逆転;類似制度の混同,「目的→主体→時点」で毎回判定。,ストレスチェック;面接指導;集団分析,「医師面接と産業医面接の違い」の試験での位置づけは？,職場復帰・休職復職・医師面接・集団分析など、実務プロセスの差を説明できることを目標にします。 試験では目的・主体・時点を同時確認を軸に、関連条文・数値・主体の取り違えを照合してください。 過去問で正誤の型を分類し、試験要項で数値・期限を照合してください。,「医師面接と産業医面接の違い」でよくある誤答パターンは？,主語の読み飛ばし;時系列の逆転;類似制度の混同 誤答肢では比較軸を先に固定の主語や条件が入れ替わることが多いので、比較表で整理してください。 過去問で正誤の型を分類し、試験要項で数値・期限を照合してください。,「医師面接と産業医面接の違い」の覚え方・確認手順は？,「医師面接と産業医面接の違い」では目的・主体・時点を同時確認を軸に、条文・数値・主体の取り違えを比較表で整理してください。 典型誤答は主語の読み飛ばし;時系列の逆転;類似制度の混同。 過去問では条件文の主語入れ替え肢に注意してください。,「医師面接と産業医面接の違い」の公式情報はどこで確認しますか？,「医師面接と産業医面接の違い」では目的・主体・時点を同時確認を軸に、条文・数値・主体の取り違えを比較表で整理してください。 典型誤答は主語の読み飛ばし;時系列の逆転;類似制度の混同。 過去問では条件文の主語入れ替え肢に注意してください。
s32-shudan-bunseki,集団分析と個別面接の違い,職場環境・配慮,メンタルヘルスII種;;比較,集団分析と個別面接の違いを、試験で混同しやすい5軸で整理します。,観点A;観点B,"[{""axis"": ""目的"", ""cols"": [""制度上の位置づけ"", ""職場運用の実務""]}, {""axis"": ""主体"", ""cols"": [""誰が実施するか"", ""誰と連携するか""]}, {""axis"": ""時点"", ""cols"": [""休職前後・復職時"", ""平時・事後""]}, {""axis"": ""試験の見分け"", ""cols"": [""キーワード判別"", ""主語の入替え""]}, {""axis"": ""誤答防止"", ""cols"": [""比較軸を先に固定"", ""条件文を最後まで読む""]}]",集団分析と個別面接の違い｜メンタルヘルスII種,職場復帰・休職復職・医師面接・集団分析など、実務プロセスの差を説明できることを目標にします。,目的・主体・時点を同時確認;比較軸を先に固定;制度名だけで判断しない,主語の読み飛ばし;時系列の逆転;類似制度の混同,「目的→主体→時点」で毎回判定。,ストレスチェック;面接指導;集団分析,「集団分析と個別面接の違い」の試験での位置づけは？,職場復帰・休職復職・医師面接・集団分析など、実務プロセスの差を説明できることを目標にします。 試験では目的・主体・時点を同時確認を軸に、関連条文・数値・主体の取り違えを照合してください。 過去問で正誤の型を分類し、試験要項で数値・期限を照合してください。,「集団分析と個別面接の違い」でよくある誤答パターンは？,主語の読み飛ばし;時系列の逆転;類似制度の混同 誤答肢では比較軸を先に固定の主語や条件が入れ替わることが多いので、比較表で整理してください。 過去問で正誤の型を分類し、試験要項で数値・期限を照合してください。,「集団分析と個別面接の違い」の覚え方・確認手順は？,「集団分析と個別面接の違い」では目的・主体・時点を同時確認を軸に、条文・数値・主体の取り違えを比較表で整理してください。 典型誤答は主語の読み飛ばし;時系列の逆転;類似制度の混同。 過去問では条件文の主語入れ替え肢に注意してください。,「集団分析と個別面接の違い」の公式情報はどこで確認しますか？,「集団分析と個別面接の違い」では目的・主体・時点を同時確認を軸に、条文・数値・主体の取り違えを比較表で整理してください。 典型誤答は主語の読み飛ばし;時系列の逆転;類似制度の混同。 過去問では条件文の主語入れ替え肢に注意してください。
s32-stress-follow,ストレスチェック後フォローの段階,職場環境・配慮,メンタルヘルスII種;;比較,ストレスチェック後フォローの段階を、試験で混同しやすい5軸で整理します。,観点A;観点B,"[{""axis"": ""目的"", ""cols"": [""制度上の位置づけ"", ""職場運用の実務""]}, {""axis"": ""主体"", ""cols"": [""誰が実施するか"", ""誰と連携するか""]}, {""axis"": ""時点"", ""cols"": [""休職前後・復職時"", ""平時・事後""]}, {""axis"": ""試験の見分け"", ""cols"": [""キーワード判別"", ""主語の入替え""]}, {""axis"": ""誤答防止"", ""cols"": [""比較軸を先に固定"", ""条件文を最後まで読む""]}]",ストレスチェック後フォローの段階｜メンタルヘルスII種,職場復帰・休職復職・医師面接・集団分析など、実務プロセスの差を説明できることを目標にします。,目的・主体・時点を同時確認;比較軸を先に固定;制度名だけで判断しない,主語の読み飛ばし;時系列の逆転;類似制度の混同,「目的→主体→時点」で毎回判定。,ストレスチェック;面接指導;集団分析,「ストレスチェック後フォローの段階」の試験での位置づけは？,職場復帰・休職復職・医師面接・集団分析など、実務プロセスの差を説明できることを目標にします。 試験では目的・主体・時点を同時確認を軸に、関連条文・数値・主体の取り違えを照合してください。 過去問で正誤の型を分類し、試験要項で数値・期限を照合してください。,「ストレスチェック後フォローの段階」でよくある誤答パターンは？,主語の読み飛ばし;時系列の逆転;類似制度の混同 誤答肢では比較軸を先に固定の主語や条件が入れ替わることが多いので、比較表で整理してください。 過去問で正誤の型を分類し、試験要項で数値・期限を照合してください。,「ストレスチェック後フォローの段階」の覚え方・確認手順は？,「ストレスチェック後フォローの段階」では目的・主体・時点を同時確認を軸に、条文・数値・主体の取り違えを比較表で整理してください。 典型誤答は主語の読み飛ばし;時系列の逆転;類似制度の混同。 過去問では条件文の主語入れ替え肢に注意してください。,「ストレスチェック後フォローの段階」の公式情報はどこで確認しますか？,「ストレスチェック後フォローの段階」では目的・主体・時点を同時確認を軸に、条文・数値・主体の取り違えを比較表で整理してください。 典型誤答は主語の読み飛ばし;時系列の逆転;類似制度の混同。 過去問では条件文の主語入れ替え肢に注意してください。
s32-line-sangyoui,ラインケアと産業医連携,基礎・役割,メンタルヘルスII種;;比較,ラインケアと産業医連携を、試験で混同しやすい5軸で整理します。,観点A;観点B,"[{""axis"": ""目的"", ""cols"": [""制度上の位置づけ"", ""職場運用の実務""]}, {""axis"": ""主体"", ""cols"": [""誰が実施するか"", ""誰と連携するか""]}, {""axis"": ""時点"", ""cols"": [""休職前後・復職時"", ""平時・事後""]}, {""axis"": ""試験の見分け"", ""cols"": [""キーワード判別"", ""主語の入替え""]}, {""axis"": ""誤答防止"", ""cols"": [""比較軸を先に固定"", ""条件文を最後まで読む""]}]",ラインケアと産業医連携｜メンタルヘルスII種,職場復帰・休職復職・医師面接・集団分析など、実務プロセスの差を説明できることを目標にします。,目的・主体・時点を同時確認;比較軸を先に固定;制度名だけで判断しない,主語の読み飛ばし;時系列の逆転;類似制度の混同,「目的→主体→時点」で毎回判定。,管理監督者への教育研修・情報提供;メンタルヘルス不調の定義,「ラインケアと産業医連携」の試験での位置づけは？,職場復帰・休職復職・医師面接・集団分析など、実務プロセスの差を説明できることを目標にします。 試験では目的・主体・時点を同時確認を軸に、関連条文・数値・主体の取り違えを照合してください。 過去問で正誤の型を分類し、試験要項で数値・期限を照合してください。,「ラインケアと産業医連携」でよくある誤答パターンは？,主語の読み飛ばし;時系列の逆転;類似制度の混同 誤答肢では比較軸を先に固定の主語や条件が入れ替わることが多いので、比較表で整理してください。 過去問で正誤の型を分類し、試験要項で数値・期限を照合してください。,「ラインケアと産業医連携」の覚え方・確認手順は？,「ラインケアと産業医連携」では目的・主体・時点を同時確認を軸に、条文・数値・主体の取り違えを比較表で整理してください。 典型誤答は主語の読み飛ばし;時系列の逆転;類似制度の混同。 過去問では条件文の主語入れ替え肢に注意してください。,「ラインケアと産業医連携」の公式情報はどこで確認しますか？,「ラインケアと産業医連携」では目的・主体・時点を同時確認を軸に、条文・数値・主体の取り違えを比較表で整理してください。 典型誤答は主語の読み飛ばし;時系列の逆転;類似制度の混同。 過去問では条件文の主語入れ替え肢に注意してください。
s34-line-sangyoui,ラインケアと産業医面接,基礎・役割,メンタルヘルスII種;;比較,ラインケアと産業医面接を、試験で混同しやすい5軸で整理します。,観点A;観点B,"[{""axis"": ""目的"", ""cols"": [""制度上の位置づけ"", ""職場運用の実務""]}, {""axis"": ""主体"", ""cols"": [""誰が実施するか"", ""誰と連携するか""]}, {""axis"": ""時点"", ""cols"": [""休職前後・復職時"", ""平時・事後""]}, {""axis"": ""試験の見分け"", ""cols"": [""キーワード判別"", ""主語の入替え""]}, {""axis"": ""誤答防止"", ""cols"": [""比較軸を先に固定"", ""条件文を最後まで読む""]}]",ラインケアと産業医面接｜メンタルヘルスII種,再発防止・配置転換・産業保健師・過重労働・職場環境など、実務プロセスの差を説明できることを目標にします。,目的・主体・時点を同時確認;比較軸を先に固定;制度名だけで判断しない,主語の読み飛ばし;時系列の逆転;類似制度の混同,「目的→主体→時点」で毎回判定。,管理監督者への教育研修・情報提供;メンタルヘルス不調の定義;保健師,「ラインケアと産業医面接」の試験での位置づけは？,再発防止・配置転換・産業保健師・過重労働・職場環境など、実務プロセスの差を説明できることを目標にします。 試験では目的・主体・時点を同時確認を軸に、関連条文・数値・主体の取り違えを照合してください。 過去問で正誤の型を分類し、試験要項で数値・期限を照合してください。,「ラインケアと産業医面接」でよくある誤答パターンは？,主語の読み飛ばし;時系列の逆転;類似制度の混同 誤答肢では比較軸を先に固定の主語や条件が入れ替わることが多いので、比較表で整理してください。 過去問で正誤の型を分類し、試験要項で数値・期限を照合してください。,「ラインケアと産業医面接」の覚え方・確認手順は？,「ラインケアと産業医面接」では目的・主体・時点を同時確認を軸に、条文・数値・主体の取り違えを比較表で整理してください。 典型誤答は主語の読み飛ばし;時系列の逆転;類似制度の混同。 過去問では条件文の主語入れ替え肢に注意してください。,「ラインケアと産業医面接」の公式情報はどこで確認しますか？,「ラインケアと産業医面接」では目的・主体・時点を同時確認を軸に、条文・数値・主体の取り違えを比較表で整理してください。 典型誤答は主語の読み飛ばし;時系列の逆転;類似制度の混同。 過去問では条件文の主語入れ替え肢に注意してください。
s32-harassment-initial,ハラスメント初動と再発防止,職場環境・配慮,メンタルヘルスII種;;比較,ハラスメント初動と再発防止を、試験で混同しやすい5軸で整理します。,観点A;観点B,"[{""axis"": ""目的"", ""cols"": [""制度上の位置づけ"", ""職場運用の実務""]}, {""axis"": ""主体"", ""cols"": [""誰が実施するか"", ""誰と連携するか""]}, {""axis"": ""時点"", ""cols"": [""休職前後・復職時"", ""平時・事後""]}, {""axis"": ""試験の見分け"", ""cols"": [""キーワード判別"", ""主語の入替え""]}, {""axis"": ""誤答防止"", ""cols"": [""比較軸を先に固定"", ""条件文を最後まで読む""]}]",ハラスメント初動と再発防止｜メンタルヘルスII種,職場復帰・休職復職・医師面接・集団分析など、実務プロセスの差を説明できることを目標にします。,目的・主体・時点を同時確認;比較軸を先に固定;制度名だけで判断しない,主語の読み飛ばし;時系列の逆転;類似制度の混同,「目的→主体→時点」で毎回判定。,ストレスチェック;面接指導;集団分析,「ハラスメント初動と再発防止」の試験での位置づけは？,職場復帰・休職復職・医師面接・集団分析など、実務プロセスの差を説明できることを目標にします。 試験では目的・主体・時点を同時確認を軸に、関連条文・数値・主体の取り違えを照合してください。 過去問で正誤の型を分類し、試験要項で数値・期限を照合してください。,「ハラスメント初動と再発防止」でよくある誤答パターンは？,主語の読み飛ばし;時系列の逆転;類似制度の混同 誤答肢では比較軸を先に固定の主語や条件が入れ替わることが多いので、比較表で整理してください。 過去問で正誤の型を分類し、試験要項で数値・期限を照合してください。,「ハラスメント初動と再発防止」の覚え方・確認手順は？,「ハラスメント初動と再発防止」では目的・主体・時点を同時確認を軸に、条文・数値・主体の取り違えを比較表で整理してください。 典型誤答は主語の読み飛ばし;時系列の逆転;類似制度の混同。 過去問では条件文の主語入れ替え肢に注意してください。,「ハラスメント初動と再発防止」の公式情報はどこで確認しますか？,「ハラスメント初動と再発防止」では目的・主体・時点を同時確認を軸に、条文・数値・主体の取り違えを比較表で整理してください。 典型誤答は主語の読み飛ばし;時系列の逆転;類似制度の混同。 過去問では条件文の主語入れ替え肢に注意してください。
s32-privacy-limited,情報の限定提供と共有範囲,相談・連携・復職,メンタルヘルスII種;;比較,情報の限定提供と共有範囲を、試験で混同しやすい5軸で整理します。,観点A;観点B,"[{""axis"": ""目的"", ""cols"": [""制度上の位置づけ"", ""職場運用の実務""]}, {""axis"": ""主体"", ""cols"": [""誰が実施するか"", ""誰と連携するか""]}, {""axis"": ""時点"", ""cols"": [""休職前後・復職時"", ""平時・事後""]}, {""axis"": ""試験の見分け"", ""cols"": [""キーワード判別"", ""主語の入替え""]}, {""axis"": ""誤答防止"", ""cols"": [""比較軸を先に固定"", ""条件文を最後まで読む""]}]",情報の限定提供と共有範囲｜メンタルヘルスII種,職場復帰・休職復職・医師面接・集団分析など、実務プロセスの差を説明できることを目標にします。,目的・主体・時点を同時確認;比較軸を先に固定;制度名だけで判断しない,主語の読み飛ばし;時系列の逆転;類似制度の混同,「目的→主体→時点」で毎回判定。,休職;復職;段階的復職,「情報の限定提供と共有範囲」の試験での位置づけは？,職場復帰・休職復職・医師面接・集団分析など、実務プロセスの差を説明できることを目標にします。 試験では目的・主体・時点を同時確認を軸に、関連条文・数値・主体の取り違えを照合してください。 過去問で正誤の型を分類し、試験要項で数値・期限を照合してください。,「情報の限定提供と共有範囲」でよくある誤答パターンは？,主語の読み飛ばし;時系列の逆転;類似制度の混同 誤答肢では比較軸を先に固定の主語や条件が入れ替わることが多いので、比較表で整理してください。 過去問で正誤の型を分類し、試験要項で数値・期限を照合してください。,「情報の限定提供と共有範囲」の覚え方・確認手順は？,「情報の限定提供と共有範囲」では目的・主体・時点を同時確認を軸に、条文・数値・主体の取り違えを比較表で整理してください。 典型誤答は主語の読み飛ばし;時系列の逆転;類似制度の混同。 過去問では条件文の主語入れ替え肢に注意してください。,「情報の限定提供と共有範囲」の公式情報はどこで確認しますか？,「情報の限定提供と共有範囲」では目的・主体・時点を同時確認を軸に、条文・数値・主体の取り違えを比較表で整理してください。 典型誤答は主語の読み飛ばし;時系列の逆転;類似制度の混同。 過去問では条件文の主語入れ替え肢に注意してください。
s34-privacy-limited,限定提供と情報共有範囲,相談・連携・復職,メンタルヘルスII種;;比較,限定提供と情報共有範囲を、試験で混同しやすい5軸で整理します。,観点A;観点B,"[{""axis"": ""目的"", ""cols"": [""制度上の位置づけ"", ""職場運用の実務""]}, {""axis"": ""主体"", ""cols"": [""誰が実施するか"", ""誰と連携するか""]}, {""axis"": ""時点"", ""cols"": [""休職前後・復職時"", ""平時・事後""]}, {""axis"": ""試験の見分け"", ""cols"": [""キーワード判別"", ""主語の入替え""]}, {""axis"": ""誤答防止"", ""cols"": [""比較軸を先に固定"", ""条件文を最後まで読む""]}]",限定提供と情報共有範囲｜メンタルヘルスII種,再発防止・配置転換・産業保健師・過重労働・職場環境など、実務プロセスの差を説明できることを目標にします。,目的・主体・時点を同時確認;比較軸を先に固定;制度名だけで判断しない,主語の読み飛ばし;時系列の逆転;類似制度の混同,「目的→主体→時点」で毎回判定。,就業上の配慮;復職;再発予防,「限定提供と情報共有範囲」の試験での位置づけは？,再発防止・配置転換・産業保健師・過重労働・職場環境など、実務プロセスの差を説明できることを目標にします。 試験では目的・主体・時点を同時確認を軸に、関連条文・数値・主体の取り違えを照合してください。 過去問で正誤の型を分類し、試験要項で数値・期限を照合してください。,「限定提供と情報共有範囲」でよくある誤答パターンは？,主語の読み飛ばし;時系列の逆転;類似制度の混同 誤答肢では比較軸を先に固定の主語や条件が入れ替わることが多いので、比較表で整理してください。 過去問で正誤の型を分類し、試験要項で数値・期限を照合してください。,「限定提供と情報共有範囲」の覚え方・確認手順は？,「限定提供と情報共有範囲」では目的・主体・時点を同時確認を軸に、条文・数値・主体の取り違えを比較表で整理してください。 典型誤答は主語の読み飛ばし;時系列の逆転;類似制度の混同。 過去問では条件文の主語入れ替え肢に注意してください。,「限定提供と情報共有範囲」の公式情報はどこで確認しますか？,「限定提供と情報共有範囲」では目的・主体・時点を同時確認を軸に、条文・数値・主体の取り違えを比較表で整理してください。 典型誤答は主語の読み飛ばし;時系列の逆転;類似制度の混同。 過去問では条件文の主語入れ替え肢に注意してください。
s32-kenshu-line,管理監督者研修とラインケア,基礎・役割,メンタルヘルスII種;;比較,管理監督者研修とラインケアを、試験で混同しやすい5軸で整理します。,観点A;観点B,"[{""axis"": ""目的"", ""cols"": [""制度上の位置づけ"", ""職場運用の実務""]}, {""axis"": ""主体"", ""cols"": [""誰が実施するか"", ""誰と連携するか""]}, {""axis"": ""時点"", ""cols"": [""休職前後・復職時"", ""平時・事後""]}, {""axis"": ""試験の見分け"", ""cols"": [""キーワード判別"", ""主語の入替え""]}, {""axis"": ""誤答防止"", ""cols"": [""比較軸を先に固定"", ""条件文を最後まで読む""]}]",管理監督者研修とラインケア｜メンタルヘルスII種,職場復帰・休職復職・医師面接・集団分析など、実務プロセスの差を説明できることを目標にします。,目的・主体・時点を同時確認;比較軸を先に固定;制度名だけで判断しない,主語の読み飛ばし;時系列の逆転;類似制度の混同,「目的→主体→時点」で毎回判定。,管理監督者への教育研修・情報提供;メンタルヘルス不調の定義,「管理監督者研修とラインケア」の試験での位置づけは？,職場復帰・休職復職・医師面接・集団分析など、実務プロセスの差を説明できることを目標にします。 試験では目的・主体・時点を同時確認を軸に、関連条文・数値・主体の取り違えを照合してください。 過去問で正誤の型を分類し、試験要項で数値・期限を照合してください。,「管理監督者研修とラインケア」でよくある誤答パターンは？,主語の読み飛ばし;時系列の逆転;類似制度の混同 誤答肢では比較軸を先に固定の主語や条件が入れ替わることが多いので、比較表で整理してください。 過去問で正誤の型を分類し、試験要項で数値・期限を照合してください。,「管理監督者研修とラインケア」の覚え方・確認手順は？,「管理監督者研修とラインケア」では目的・主体・時点を同時確認を軸に、条文・数値・主体の取り違えを比較表で整理してください。 典型誤答は主語の読み飛ばし;時系列の逆転;類似制度の混同。 過去問では条件文の主語入れ替え肢に注意してください。,「管理監督者研修とラインケア」の公式情報はどこで確認しますか？,「管理監督者研修とラインケア」では目的・主体・時点を同時確認を軸に、条文・数値・主体の取り違えを比較表で整理してください。 典型誤答は主語の読み飛ばし;時系列の逆転;類似制度の混同。 過去問では条件文の主語入れ替え肢に注意してください。
s32-youkou-operation,要項要件と社内運用ルール,基礎・役割,メンタルヘルスII種;;比較,要項要件と社内運用ルールを、試験で混同しやすい5軸で整理します。,観点A;観点B,"[{""axis"": ""目的"", ""cols"": [""制度上の位置づけ"", ""職場運用の実務""]}, {""axis"": ""主体"", ""cols"": [""誰が実施するか"", ""誰と連携するか""]}, {""axis"": ""時点"", ""cols"": [""休職前後・復職時"", ""平時・事後""]}, {""axis"": ""試験の見分け"", ""cols"": [""キーワード判別"", ""主語の入替え""]}, {""axis"": ""誤答防止"", ""cols"": [""比較軸を先に固定"", ""条件文を最後まで読む""]}]",要項要件と社内運用ルール｜メンタルヘルスII種,職場復帰・休職復職・医師面接・集団分析など、実務プロセスの差を説明できることを目標にします。,目的・主体・時点を同時確認;比較軸を先に固定;制度名だけで判断しない,主語の読み飛ばし;時系列の逆転;類似制度の混同,「目的→主体→時点」で毎回判定。,管理監督者への教育研修・情報提供;メンタルヘルス不調の定義,「要項要件と社内運用ルール」の試験での位置づけは？,職場復帰・休職復職・医師面接・集団分析など、実務プロセスの差を説明できることを目標にします。 試験では目的・主体・時点を同時確認を軸に、関連条文・数値・主体の取り違えを照合してください。 過去問で正誤の型を分類し、試験要項で数値・期限を照合してください。,「要項要件と社内運用ルール」でよくある誤答パターンは？,主語の読み飛ばし;時系列の逆転;類似制度の混同 誤答肢では比較軸を先に固定の主語や条件が入れ替わることが多いので、比較表で整理してください。 過去問で正誤の型を分類し、試験要項で数値・期限を照合してください。,「要項要件と社内運用ルール」の覚え方・確認手順は？,「要項要件と社内運用ルール」では目的・主体・時点を同時確認を軸に、条文・数値・主体の取り違えを比較表で整理してください。 典型誤答は主語の読み飛ばし;時系列の逆転;類似制度の混同。 過去問では条件文の主語入れ替え肢に注意してください。,「要項要件と社内運用ルール」の公式情報はどこで確認しますか？,「要項要件と社内運用ルール」では目的・主体・時点を同時確認を軸に、条文・数値・主体の取り違えを比較表で整理してください。 典型誤答は主語の読み飛ばし;時系列の逆転;類似制度の混同。 過去問では条件文の主語入れ替え肢に注意してください。
s33-saihatsu-boushi,再発防止と初動対応の違い,職場環境・配慮,メンタルヘルスII種;;比較,再発防止と初動対応の違いを、試験で混同しやすい5軸で整理します。,観点A;観点B,"[{""axis"": ""目的"", ""cols"": [""制度上の位置づけ"", ""職場運用の実務""]}, {""axis"": ""主体"", ""cols"": [""誰が実施するか"", ""誰と連携するか""]}, {""axis"": ""時点"", ""cols"": [""休職前後・復職時"", ""平時・事後""]}, {""axis"": ""試験の見分け"", ""cols"": [""キーワード判別"", ""主語の入替え""]}, {""axis"": ""誤答防止"", ""cols"": [""比較軸を先に固定"", ""条件文を最後まで読む""]}]",再発防止と初動対応の違い｜メンタルヘルスII種,再発防止・配置転換・産業保健師・過重労働・職場環境など、実務プロセスの差を説明できることを目標にします。,目的・主体・時点を同時確認;比較軸を先に固定;制度名だけで判断しない,主語の読み飛ばし;時系列の逆転;類似制度の混同,「目的→主体→時点」で毎回判定。,職場環境の改善;過重労働防止;ストレスチェック,「再発防止と初動対応の違い」の試験での位置づけは？,再発防止・配置転換・産業保健師・過重労働・職場環境など、実務プロセスの差を説明できることを目標にします。 試験では目的・主体・時点を同時確認を軸に、関連条文・数値・主体の取り違えを照合してください。 過去問で正誤の型を分類し、試験要項で数値・期限を照合してください。,「再発防止と初動対応の違い」でよくある誤答パターンは？,主語の読み飛ばし;時系列の逆転;類似制度の混同 誤答肢では比較軸を先に固定の主語や条件が入れ替わることが多いので、比較表で整理してください。 過去問で正誤の型を分類し、試験要項で数値・期限を照合してください。,「再発防止と初動対応の違い」の覚え方・確認手順は？,「再発防止と初動対応の違い」では目的・主体・時点を同時確認を軸に、条文・数値・主体の取り違えを比較表で整理してください。 典型誤答は主語の読み飛ばし;時系列の逆転;類似制度の混同。 過去問では条件文の主語入れ替え肢に注意してください。,「再発防止と初動対応の違い」の公式情報はどこで確認しますか？,「再発防止と初動対応の違い」では目的・主体・時点を同時確認を軸に、条文・数値・主体の取り違えを比較表で整理してください。 典型誤答は主語の読み飛ばし;時系列の逆転;類似制度の混同。 過去問では条件文の主語入れ替え肢に注意してください。
s33-haichi-tenkan,配置転換と就業上の配慮,相談・連携・復職,メンタルヘルスII種;;比較,配置転換と就業上の配慮を、試験で混同しやすい5軸で整理します。,観点A;観点B,"[{""axis"": ""目的"", ""cols"": [""制度上の位置づけ"", ""職場運用の実務""]}, {""axis"": ""主体"", ""cols"": [""誰が実施するか"", ""誰と連携するか""]}, {""axis"": ""時点"", ""cols"": [""休職前後・復職時"", ""平時・事後""]}, {""axis"": ""試験の見分け"", ""cols"": [""キーワード判別"", ""主語の入替え""]}, {""axis"": ""誤答防止"", ""cols"": [""比較軸を先に固定"", ""条件文を最後まで読む""]}]",配置転換と就業上の配慮｜メンタルヘルスII種,再発防止・配置転換・産業保健師・過重労働・職場環境など、実務プロセスの差を説明できることを目標にします。,目的・主体・時点を同時確認;比較軸を先に固定;制度名だけで判断しない,主語の読み飛ばし;時系列の逆転;類似制度の混同,「目的→主体→時点」で毎回判定。,就業上の配慮;復職;再発予防,「配置転換と就業上の配慮」の試験での位置づけは？,再発防止・配置転換・産業保健師・過重労働・職場環境など、実務プロセスの差を説明できることを目標にします。 試験では目的・主体・時点を同時確認を軸に、関連条文・数値・主体の取り違えを照合してください。 過去問で正誤の型を分類し、試験要項で数値・期限を照合してください。,「配置転換と就業上の配慮」でよくある誤答パターンは？,主語の読み飛ばし;時系列の逆転;類似制度の混同 誤答肢では比較軸を先に固定の主語や条件が入れ替わることが多いので、比較表で整理してください。 過去問で正誤の型を分類し、試験要項で数値・期限を照合してください。,「配置転換と就業上の配慮」の覚え方・確認手順は？,「配置転換と就業上の配慮」では目的・主体・時点を同時確認を軸に、条文・数値・主体の取り違えを比較表で整理してください。 典型誤答は主語の読み飛ばし;時系列の逆転;類似制度の混同。 過去問では条件文の主語入れ替え肢に注意してください。,「配置転換と就業上の配慮」の公式情報はどこで確認しますか？,「配置転換と就業上の配慮」では目的・主体・時点を同時確認を軸に、条文・数値・主体の取り違えを比較表で整理してください。 典型誤答は主語の読み飛ばし;時系列の逆転;類似制度の混同。 過去問では条件文の主語入れ替え肢に注意してください。
s33-sangyou-hokenshi,産業保健師と産業医連携,基礎・役割,メンタルヘルスII種;;比較,産業保健師と産業医連携を、試験で混同しやすい5軸で整理します。,観点A;観点B,"[{""axis"": ""目的"", ""cols"": [""制度上の位置づけ"", ""職場運用の実務""]}, {""axis"": ""主体"", ""cols"": [""誰が実施するか"", ""誰と連携するか""]}, {""axis"": ""時点"", ""cols"": [""休職前後・復職時"", ""平時・事後""]}, {""axis"": ""試験の見分け"", ""cols"": [""キーワード判別"", ""主語の入替え""]}, {""axis"": ""誤答防止"", ""cols"": [""比較軸を先に固定"", ""条件文を最後まで読む""]}]",産業保健師と産業医連携｜メンタルヘルスII種,再発防止・配置転換・産業保健師・過重労働・職場環境など、実務プロセスの差を説明できることを目標にします。,目的・主体・時点を同時確認;比較軸を先に固定;制度名だけで判断しない,主語の読み飛ばし;時系列の逆転;類似制度の混同,「目的→主体→時点」で毎回判定。,管理監督者への教育研修・情報提供;メンタルヘルス不調の定義;保健師,「産業保健師と産業医連携」の試験での位置づけは？,再発防止・配置転換・産業保健師・過重労働・職場環境など、実務プロセスの差を説明できることを目標にします。 試験では目的・主体・時点を同時確認を軸に、関連条文・数値・主体の取り違えを照合してください。 過去問で正誤の型を分類し、試験要項で数値・期限を照合してください。,「産業保健師と産業医連携」でよくある誤答パターンは？,主語の読み飛ばし;時系列の逆転;類似制度の混同 誤答肢では比較軸を先に固定の主語や条件が入れ替わることが多いので、比較表で整理してください。 過去問で正誤の型を分類し、試験要項で数値・期限を照合してください。,「産業保健師と産業医連携」の覚え方・確認手順は？,「産業保健師と産業医連携」では目的・主体・時点を同時確認を軸に、条文・数値・主体の取り違えを比較表で整理してください。 典型誤答は主語の読み飛ばし;時系列の逆転;類似制度の混同。 過去問では条件文の主語入れ替え肢に注意してください。,「産業保健師と産業医連携」の公式情報はどこで確認しますか？,「産業保健師と産業医連携」では目的・主体・時点を同時確認を軸に、条文・数値・主体の取り違えを比較表で整理してください。 典型誤答は主語の読み飛ばし;時系列の逆転;類似制度の混同。 過去問では条件文の主語入れ替え肢に注意してください。
s33-kaju-roudou,過重労働と長時間労働,職場環境・配慮,メンタルヘルスII種;;比較,過重労働と長時間労働を、試験で混同しやすい5軸で整理します。,観点A;観点B,"[{""axis"": ""目的"", ""cols"": [""制度上の位置づけ"", ""職場運用の実務""]}, {""axis"": ""主体"", ""cols"": [""誰が実施するか"", ""誰と連携するか""]}, {""axis"": ""時点"", ""cols"": [""休職前後・復職時"", ""平時・事後""]}, {""axis"": ""試験の見分け"", ""cols"": [""キーワード判別"", ""主語の入替え""]}, {""axis"": ""誤答防止"", ""cols"": [""比較軸を先に固定"", ""条件文を最後まで読む""]}]",過重労働と長時間労働｜メンタルヘルスII種,再発防止・配置転換・産業保健師・過重労働・職場環境など、実務プロセスの差を説明できることを目標にします。,目的・主体・時点を同時確認;比較軸を先に固定;制度名だけで判断しない,主語の読み飛ばし;時系列の逆転;類似制度の混同,「目的→主体→時点」で毎回判定。,職場環境の改善;過重労働防止;ストレスチェック,「過重労働と長時間労働」の試験での位置づけは？,再発防止・配置転換・産業保健師・過重労働・職場環境など、実務プロセスの差を説明できることを目標にします。 試験では目的・主体・時点を同時確認を軸に、関連条文・数値・主体の取り違えを照合してください。 過去問で正誤の型を分類し、試験要項で数値・期限を照合してください。,「過重労働と長時間労働」でよくある誤答パターンは？,主語の読み飛ばし;時系列の逆転;類似制度の混同 誤答肢では比較軸を先に固定の主語や条件が入れ替わることが多いので、比較表で整理してください。 過去問で正誤の型を分類し、試験要項で数値・期限を照合してください。,「過重労働と長時間労働」の覚え方・確認手順は？,「過重労働と長時間労働」では目的・主体・時点を同時確認を軸に、条文・数値・主体の取り違えを比較表で整理してください。 典型誤答は主語の読み飛ばし;時系列の逆転;類似制度の混同。 過去問では条件文の主語入れ替え肢に注意してください。,「過重労働と長時間労働」の公式情報はどこで確認しますか？,「過重労働と長時間労働」では目的・主体・時点を同時確認を軸に、条文・数値・主体の取り違えを比較表で整理してください。 典型誤答は主語の読み飛ばし;時系列の逆転;類似制度の混同。 過去問では条件文の主語入れ替え肢に注意してください。
s33-shokuba-kankyo,職場環境改善とストレス対策,職場環境・配慮,メンタルヘルスII種;;比較,職場環境改善とストレス対策を、試験で混同しやすい5軸で整理します。,観点A;観点B,"[{""axis"": ""目的"", ""cols"": [""制度上の位置づけ"", ""職場運用の実務""]}, {""axis"": ""主体"", ""cols"": [""誰が実施するか"", ""誰と連携するか""]}, {""axis"": ""時点"", ""cols"": [""休職前後・復職時"", ""平時・事後""]}, {""axis"": ""試験の見分け"", ""cols"": [""キーワード判別"", ""主語の入替え""]}, {""axis"": ""誤答防止"", ""cols"": [""比較軸を先に固定"", ""条件文を最後まで読む""]}]",職場環境改善とストレス対策｜メンタルヘルスII種,再発防止・配置転換・産業保健師・過重労働・職場環境など、実務プロセスの差を説明できることを目標にします。,目的・主体・時点を同時確認;比較軸を先に固定;制度名だけで判断しない,主語の読み飛ばし;時系列の逆転;類似制度の混同,「目的→主体→時点」で毎回判定。,職場環境の改善;過重労働防止;ストレスチェック,「職場環境改善とストレス対策」の試験での位置づけは？,再発防止・配置転換・産業保健師・過重労働・職場環境など、実務プロセスの差を説明できることを目標にします。 試験では目的・主体・時点を同時確認を軸に、関連条文・数値・主体の取り違えを照合してください。 過去問で正誤の型を分類し、試験要項で数値・期限を照合してください。,「職場環境改善とストレス対策」でよくある誤答パターンは？,主語の読み飛ばし;時系列の逆転;類似制度の混同 誤答肢では比較軸を先に固定の主語や条件が入れ替わることが多いので、比較表で整理してください。 過去問で正誤の型を分類し、試験要項で数値・期限を照合してください。,「職場環境改善とストレス対策」の覚え方・確認手順は？,「職場環境改善とストレス対策」では目的・主体・時点を同時確認を軸に、条文・数値・主体の取り違えを比較表で整理してください。 典型誤答は主語の読み飛ばし;時系列の逆転;類似制度の混同。 過去問では条件文の主語入れ替え肢に注意してください。,「職場環境改善とストレス対策」の公式情報はどこで確認しますか？,「職場環境改善とストレス対策」では目的・主体・時点を同時確認を軸に、条文・数値・主体の取り違えを比較表で整理してください。 典型誤答は主語の読み飛ばし;時系列の逆転;類似制度の混同。 過去問では条件文の主語入れ替え肢に注意してください。
s33-harassment-saihatsu,ハラスメント防止と再発予防,職場環境・配慮,メンタルヘルスII種;;比較,ハラスメント防止と再発予防を、試験で混同しやすい5軸で整理します。,観点A;観点B,"[{""axis"": ""目的"", ""cols"": [""制度上の位置づけ"", ""職場運用の実務""]}, {""axis"": ""主体"", ""cols"": [""誰が実施するか"", ""誰と連携するか""]}, {""axis"": ""時点"", ""cols"": [""休職前後・復職時"", ""平時・事後""]}, {""axis"": ""試験の見分け"", ""cols"": [""キーワード判別"", ""主語の入替え""]}, {""axis"": ""誤答防止"", ""cols"": [""比較軸を先に固定"", ""条件文を最後まで読む""]}]",ハラスメント防止と再発予防｜メンタルヘルスII種,再発防止・配置転換・産業保健師・過重労働・職場環境など、実務プロセスの差を説明できることを目標にします。,目的・主体・時点を同時確認;比較軸を先に固定;制度名だけで判断しない,主語の読み飛ばし;時系列の逆転;類似制度の混同,「目的→主体→時点」で毎回判定。,職場環境の改善;過重労働防止;ストレスチェック,「ハラスメント防止と再発予防」の試験での位置づけは？,再発防止・配置転換・産業保健師・過重労働・職場環境など、実務プロセスの差を説明できることを目標にします。 試験では目的・主体・時点を同時確認を軸に、関連条文・数値・主体の取り違えを照合してください。 過去問で正誤の型を分類し、試験要項で数値・期限を照合してください。,「ハラスメント防止と再発予防」でよくある誤答パターンは？,主語の読み飛ばし;時系列の逆転;類似制度の混同 誤答肢では比較軸を先に固定の主語や条件が入れ替わることが多いので、比較表で整理してください。 過去問で正誤の型を分類し、試験要項で数値・期限を照合してください。,「ハラスメント防止と再発予防」の覚え方・確認手順は？,「ハラスメント防止と再発予防」では目的・主体・時点を同時確認を軸に、条文・数値・主体の取り違えを比較表で整理してください。 典型誤答は主語の読み飛ばし;時系列の逆転;類似制度の混同。 過去問では条件文の主語入れ替え肢に注意してください。,「ハラスメント防止と再発予防」の公式情報はどこで確認しますか？,「ハラスメント防止と再発予防」では目的・主体・時点を同時確認を軸に、条文・数値・主体の取り違えを比較表で整理してください。 典型誤答は主語の読み飛ばし;時系列の逆転;類似制度の混同。 過去問では条件文の主語入れ替え肢に注意してください。
s33-fukki-plan,復職支援プランと段階的復職,相談・連携・復職,メンタルヘルスII種;;比較,復職支援プランと段階的復職を、試験で混同しやすい5軸で整理します。,観点A;観点B,"[{""axis"": ""目的"", ""cols"": [""制度上の位置づけ"", ""職場運用の実務""]}, {""axis"": ""主体"", ""cols"": [""誰が実施するか"", ""誰と連携するか""]}, {""axis"": ""時点"", ""cols"": [""休職前後・復職時"", ""平時・事後""]}, {""axis"": ""試験の見分け"", ""cols"": [""キーワード判別"", ""主語の入替え""]}, {""axis"": ""誤答防止"", ""cols"": [""比較軸を先に固定"", ""条件文を最後まで読む""]}]",復職支援プランと段階的復職｜メンタルヘルスII種,再発防止・配置転換・産業保健師・過重労働・職場環境など、実務プロセスの差を説明できることを目標にします。,目的・主体・時点を同時確認;比較軸を先に固定;制度名だけで判断しない,主語の読み飛ばし;時系列の逆転;類似制度の混同,「目的→主体→時点」で毎回判定。,就業上の配慮;復職;再発予防,「復職支援プランと段階的復職」の試験での位置づけは？,再発防止・配置転換・産業保健師・過重労働・職場環境など、実務プロセスの差を説明できることを目標にします。 試験では目的・主体・時点を同時確認を軸に、関連条文・数値・主体の取り違えを照合してください。 過去問で正誤の型を分類し、試験要項で数値・期限を照合してください。,「復職支援プランと段階的復職」でよくある誤答パターンは？,主語の読み飛ばし;時系列の逆転;類似制度の混同 誤答肢では比較軸を先に固定の主語や条件が入れ替わることが多いので、比較表で整理してください。 過去問で正誤の型を分類し、試験要項で数値・期限を照合してください。,「復職支援プランと段階的復職」の覚え方・確認手順は？,「復職支援プランと段階的復職」では目的・主体・時点を同時確認を軸に、条文・数値・主体の取り違えを比較表で整理してください。 典型誤答は主語の読み飛ばし;時系列の逆転;類似制度の混同。 過去問では条件文の主語入れ替え肢に注意してください。,「復職支援プランと段階的復職」の公式情報はどこで確認しますか？,「復職支援プランと段階的復職」では目的・主体・時点を同時確認を軸に、条文・数値・主体の取り違えを比較表で整理してください。 典型誤答は主語の読み飛ばし;時系列の逆転;類似制度の混同。 過去問では条件文の主語入れ替え肢に注意してください。
s33-stress-kaizen,ストレス要因分析と組織改善（取扱い深掘り）,職場環境・配慮,メンタルヘルスII種;;比較,ストレス要因分析と組織改善 を、試験で混同しやすい5軸で整理します。,観点A;観点B,"[{""axis"": ""目的"", ""cols"": [""制度上の位置づけ"", ""職場運用の実務""]}, {""axis"": ""主体"", ""cols"": [""誰が実施するか"", ""誰と連携するか""]}, {""axis"": ""時点"", ""cols"": [""休職前後・復職時"", ""平時・事後""]}, {""axis"": ""試験の見分け"", ""cols"": [""キーワード判別"", ""主語の入替え""]}, {""axis"": ""誤答防止"", ""cols"": [""比較軸を先に固定"", ""条件文を最後まで読む""]}]",ストレス要因分析と組織改善 ｜メンタルヘルスII種,再発防止・配置転換・産業保健師・過重労働・職場環境など、実務プロセスの差を説明できることを目標にします。,目的・主体・時点を同時確認;比較軸を先に固定;制度名だけで判断しない,主語の読み飛ばし;時系列の逆転;類似制度の混同,「目的→主体→時点」で毎回判定。,職場環境の改善;過重労働防止;ストレスチェック,「ストレス要因分析と組織改善」の試験での位置づけは？,再発防止・配置転換・産業保健師・過重労働・職場環境など、実務プロセスの差を説明できることを目標にします。 試験では目的・主体・時点を同時確認を軸に、関連条文・数値・主体の取り違えを照合してください。 過去問で正誤の型を分類し、試験要項で数値・期限を照合してください。,「ストレス要因分析と組織改善」でよくある誤答パターンは？,主語の読み飛ばし;時系列の逆転;類似制度の混同 誤答肢では比較軸を先に固定の主語や条件が入れ替わることが多いので、比較表で整理してください。 過去問で正誤の型を分類し、試験要項で数値・期限を照合してください。,「ストレス要因分析と組織改善」の覚え方・確認手順は？,「ストレス要因分析と組織改善」では目的・主体・時点を同時確認を軸に、条文・数値・主体の取り違えを比較表で整理してください。 典型誤答は主語の読み飛ばし;時系列の逆転;類似制度の混同。 過去問では条件文の主語入れ替え肢に注意してください。,「ストレス要因分析と組織改善」の公式情報はどこで確認しますか？,「ストレス要因分析と組織改善」では目的・主体・時点を同時確認を軸に、条文・数値・主体の取り違えを比較表で整理してください。 典型誤答は主語の読み飛ばし;時系列の逆転;類似制度の混同。 過去問では条件文の主語入れ替え肢に注意してください。
s33-sangyoui-renkei,産業医連携と人事調整,相談・連携・復職,メンタルヘルスII種;;比較,産業医連携と人事調整を、試験で混同しやすい5軸で整理します。,観点A;観点B,"[{""axis"": ""目的"", ""cols"": [""制度上の位置づけ"", ""職場運用の実務""]}, {""axis"": ""主体"", ""cols"": [""誰が実施するか"", ""誰と連携するか""]}, {""axis"": ""時点"", ""cols"": [""休職前後・復職時"", ""平時・事後""]}, {""axis"": ""試験の見分け"", ""cols"": [""キーワード判別"", ""主語の入替え""]}, {""axis"": ""誤答防止"", ""cols"": [""比較軸を先に固定"", ""条件文を最後まで読む""]}]",産業医連携と人事調整｜メンタルヘルスII種,再発防止・配置転換・産業保健師・過重労働・職場環境など、実務プロセスの差を説明できることを目標にします。,目的・主体・時点を同時確認;比較軸を先に固定;制度名だけで判断しない,主語の読み飛ばし;時系列の逆転;類似制度の混同,「目的→主体→時点」で毎回判定。,就業上の配慮;復職;再発予防,「産業医連携と人事調整」の試験での位置づけは？,再発防止・配置転換・産業保健師・過重労働・職場環境など、実務プロセスの差を説明できることを目標にします。 試験では目的・主体・時点を同時確認を軸に、関連条文・数値・主体の取り違えを照合してください。 過去問で正誤の型を分類し、試験要項で数値・期限を照合してください。,「産業医連携と人事調整」でよくある誤答パターンは？,主語の読み飛ばし;時系列の逆転;類似制度の混同 誤答肢では比較軸を先に固定の主語や条件が入れ替わることが多いので、比較表で整理してください。 過去問で正誤の型を分類し、試験要項で数値・期限を照合してください。,「産業医連携と人事調整」の覚え方・確認手順は？,「産業医連携と人事調整」では目的・主体・時点を同時確認を軸に、条文・数値・主体の取り違えを比較表で整理してください。 典型誤答は主語の読み飛ばし;時系列の逆転;類似制度の混同。 過去問では条件文の主語入れ替え肢に注意してください。,「産業医連携と人事調整」の公式情報はどこで確認しますか？,「産業医連携と人事調整」では目的・主体・時点を同時確認を軸に、条文・数値・主体の取り違えを比較表で整理してください。 典型誤答は主語の読み飛ばし;時系列の逆転;類似制度の混同。 過去問では条件文の主語入れ替え肢に注意してください。
s33-kojin-joho,個人情報保護と相談記録,相談・連携・復職,メンタルヘルスII種;;比較,個人情報保護と相談記録を、試験で混同しやすい5軸で整理します。,観点A;観点B,"[{""axis"": ""目的"", ""cols"": [""制度上の位置づけ"", ""職場運用の実務""]}, {""axis"": ""主体"", ""cols"": [""誰が実施するか"", ""誰と連携するか""]}, {""axis"": ""時点"", ""cols"": [""休職前後・復職時"", ""平時・事後""]}, {""axis"": ""試験の見分け"", ""cols"": [""キーワード判別"", ""主語の入替え""]}, {""axis"": ""誤答防止"", ""cols"": [""比較軸を先に固定"", ""条件文を最後まで読む""]}]",個人情報保護と相談記録｜メンタルヘルスII種,再発防止・配置転換・産業保健師・過重労働・職場環境など、実務プロセスの差を説明できることを目標にします。,目的・主体・時点を同時確認;比較軸を先に固定;制度名だけで判断しない,主語の読み飛ばし;時系列の逆転;類似制度の混同,「目的→主体→時点」で毎回判定。,就業上の配慮;復職;再発予防,「個人情報保護と相談記録」の試験での位置づけは？,再発防止・配置転換・産業保健師・過重労働・職場環境など、実務プロセスの差を説明できることを目標にします。 試験では目的・主体・時点を同時確認を軸に、関連条文・数値・主体の取り違えを照合してください。 過去問で正誤の型を分類し、試験要項で数値・期限を照合してください。,「個人情報保護と相談記録」でよくある誤答パターンは？,主語の読み飛ばし;時系列の逆転;類似制度の混同 誤答肢では比較軸を先に固定の主語や条件が入れ替わることが多いので、比較表で整理してください。 過去問で正誤の型を分類し、試験要項で数値・期限を照合してください。,「個人情報保護と相談記録」の覚え方・確認手順は？,「個人情報保護と相談記録」では目的・主体・時点を同時確認を軸に、条文・数値・主体の取り違えを比較表で整理してください。 典型誤答は主語の読み飛ばし;時系列の逆転;類似制度の混同。 過去問では条件文の主語入れ替え肢に注意してください。,「個人情報保護と相談記録」の公式情報はどこで確認しますか？,「個人情報保護と相談記録」では目的・主体・時点を同時確認を軸に、条文・数値・主体の取り違えを比較表で整理してください。 典型誤答は主語の読み飛ばし;時系列の逆転;類似制度の混同。 過去問では条件文の主語入れ替え肢に注意してください。
s34-saihatsu-keikaku,再発予防計画と職場復帰,相談・連携・復職,メンタルヘルスII種;;比較,再発予防計画と職場復帰を、試験で混同しやすい5軸で整理します。,観点A;観点B,"[{""axis"": ""目的"", ""cols"": [""制度上の位置づけ"", ""職場運用の実務""]}, {""axis"": ""主体"", ""cols"": [""誰が実施するか"", ""誰と連携するか""]}, {""axis"": ""時点"", ""cols"": [""休職前後・復職時"", ""平時・事後""]}, {""axis"": ""試験の見分け"", ""cols"": [""キーワード判別"", ""主語の入替え""]}, {""axis"": ""誤答防止"", ""cols"": [""比較軸を先に固定"", ""条件文を最後まで読む""]}]",再発予防計画と職場復帰｜メンタルヘルスII種,再発防止・配置転換・産業保健師・過重労働・職場環境など、実務プロセスの差を説明できることを目標にします。,目的・主体・時点を同時確認;比較軸を先に固定;制度名だけで判断しない,主語の読み飛ばし;時系列の逆転;類似制度の混同,「目的→主体→時点」で毎回判定。,就業上の配慮;復職;再発予防,「再発予防計画と職場復帰」の試験での位置づけは？,再発防止・配置転換・産業保健師・過重労働・職場環境など、実務プロセスの差を説明できることを目標にします。 試験では目的・主体・時点を同時確認を軸に、関連条文・数値・主体の取り違えを照合してください。 過去問で正誤の型を分類し、試験要項で数値・期限を照合してください。,「再発予防計画と職場復帰」でよくある誤答パターンは？,主語の読み飛ばし;時系列の逆転;類似制度の混同 誤答肢では比較軸を先に固定の主語や条件が入れ替わることが多いので、比較表で整理してください。 過去問で正誤の型を分類し、試験要項で数値・期限を照合してください。,「再発予防計画と職場復帰」の覚え方・確認手順は？,「再発予防計画と職場復帰」では目的・主体・時点を同時確認を軸に、条文・数値・主体の取り違えを比較表で整理してください。 典型誤答は主語の読み飛ばし;時系列の逆転;類似制度の混同。 過去問では条件文の主語入れ替え肢に注意してください。,「再発予防計画と職場復帰」の公式情報はどこで確認しますか？,「再発予防計画と職場復帰」では目的・主体・時点を同時確認を軸に、条文・数値・主体の取り違えを比較表で整理してください。 典型誤答は主語の読み飛ばし;時系列の逆転;類似制度の混同。 過去問では条件文の主語入れ替え肢に注意してください。
s34-shugyo-haichi,就業上の配慮と合理的配慮,相談・連携・復職,メンタルヘルスII種;;比較,就業上の配慮と合理的配慮を、試験で混同しやすい5軸で整理します。,観点A;観点B,"[{""axis"": ""目的"", ""cols"": [""制度上の位置づけ"", ""職場運用の実務""]}, {""axis"": ""主体"", ""cols"": [""誰が実施するか"", ""誰と連携するか""]}, {""axis"": ""時点"", ""cols"": [""休職前後・復職時"", ""平時・事後""]}, {""axis"": ""試験の見分け"", ""cols"": [""キーワード判別"", ""主語の入替え""]}, {""axis"": ""誤答防止"", ""cols"": [""比較軸を先に固定"", ""条件文を最後まで読む""]}]",就業上の配慮と合理的配慮｜メンタルヘルスII種,再発防止・配置転換・産業保健師・過重労働・職場環境など、実務プロセスの差を説明できることを目標にします。,目的・主体・時点を同時確認;比較軸を先に固定;制度名だけで判断しない,主語の読み飛ばし;時系列の逆転;類似制度の混同,「目的→主体→時点」で毎回判定。,就業上の配慮;復職;再発予防,「就業上の配慮と合理的配慮」の試験での位置づけは？,再発防止・配置転換・産業保健師・過重労働・職場環境など、実務プロセスの差を説明できることを目標にします。 試験では目的・主体・時点を同時確認を軸に、関連条文・数値・主体の取り違えを照合してください。 過去問で正誤の型を分類し、試験要項で数値・期限を照合してください。,「就業上の配慮と合理的配慮」でよくある誤答パターンは？,主語の読み飛ばし;時系列の逆転;類似制度の混同 誤答肢では比較軸を先に固定の主語や条件が入れ替わることが多いので、比較表で整理してください。 過去問で正誤の型を分類し、試験要項で数値・期限を照合してください。,「就業上の配慮と合理的配慮」の覚え方・確認手順は？,「就業上の配慮と合理的配慮」では目的・主体・時点を同時確認を軸に、条文・数値・主体の取り違えを比較表で整理してください。 典型誤答は主語の読み飛ばし;時系列の逆転;類似制度の混同。 過去問では条件文の主語入れ替え肢に注意してください。,「就業上の配慮と合理的配慮」の公式情報はどこで確認しますか？,「就業上の配慮と合理的配慮」では目的・主体・時点を同時確認を軸に、条文・数値・主体の取り違えを比較表で整理してください。 典型誤答は主語の読み飛ばし;時系列の逆転;類似制度の混同。 過去問では条件文の主語入れ替え肢に注意してください。
s34-kenkou-shien,保健師支援と産業保健スタッフ,基礎・役割,メンタルヘルスII種;;比較,保健師支援と産業保健スタッフを、試験で混同しやすい5軸で整理します。,観点A;観点B,"[{""axis"": ""目的"", ""cols"": [""制度上の位置づけ"", ""職場運用の実務""]}, {""axis"": ""主体"", ""cols"": [""誰が実施するか"", ""誰と連携するか""]}, {""axis"": ""時点"", ""cols"": [""休職前後・復職時"", ""平時・事後""]}, {""axis"": ""試験の見分け"", ""cols"": [""キーワード判別"", ""主語の入替え""]}, {""axis"": ""誤答防止"", ""cols"": [""比較軸を先に固定"", ""条件文を最後まで読む""]}]",保健師支援と産業保健スタッフ｜メンタルヘルスII種,再発防止・配置転換・産業保健師・過重労働・職場環境など、実務プロセスの差を説明できることを目標にします。,目的・主体・時点を同時確認;比較軸を先に固定;制度名だけで判断しない,主語の読み飛ばし;時系列の逆転;類似制度の混同,「目的→主体→時点」で毎回判定。,管理監督者への教育研修・情報提供;メンタルヘルス不調の定義;保健師,「保健師支援と産業保健スタッフ」の試験での位置づけは？,再発防止・配置転換・産業保健師・過重労働・職場環境など、実務プロセスの差を説明できることを目標にします。 試験では目的・主体・時点を同時確認を軸に、関連条文・数値・主体の取り違えを照合してください。 過去問で正誤の型を分類し、試験要項で数値・期限を照合してください。,「保健師支援と産業保健スタッフ」でよくある誤答パターンは？,主語の読み飛ばし;時系列の逆転;類似制度の混同 誤答肢では比較軸を先に固定の主語や条件が入れ替わることが多いので、比較表で整理してください。 過去問で正誤の型を分類し、試験要項で数値・期限を照合してください。,「保健師支援と産業保健スタッフ」の覚え方・確認手順は？,「保健師支援と産業保健スタッフ」では目的・主体・時点を同時確認を軸に、条文・数値・主体の取り違えを比較表で整理してください。 典型誤答は主語の読み飛ばし;時系列の逆転;類似制度の混同。 過去問では条件文の主語入れ替え肢に注意してください。,「保健師支援と産業保健スタッフ」の公式情報はどこで確認しますか？,「保健師支援と産業保健スタッフ」では目的・主体・時点を同時確認を軸に、条文・数値・主体の取り違えを比較表で整理してください。 典型誤答は主語の読み飛ばし;時系列の逆転;類似制度の混同。 過去問では条件文の主語入れ替え肢に注意してください。
s34-choujikan-kaju,長時間労働面接と過重労働対策,職場環境・配慮,メンタルヘルスII種;;比較,長時間労働面接と過重労働対策を、試験で混同しやすい5軸で整理します。,観点A;観点B,"[{""axis"": ""目的"", ""cols"": [""制度上の位置づけ"", ""職場運用の実務""]}, {""axis"": ""主体"", ""cols"": [""誰が実施するか"", ""誰と連携するか""]}, {""axis"": ""時点"", ""cols"": [""休職前後・復職時"", ""平時・事後""]}, {""axis"": ""試験の見分け"", ""cols"": [""キーワード判別"", ""主語の入替え""]}, {""axis"": ""誤答防止"", ""cols"": [""比較軸を先に固定"", ""条件文を最後まで読む""]}]",長時間労働面接と過重労働対策｜メンタルヘルスII種,再発防止・配置転換・産業保健師・過重労働・職場環境など、実務プロセスの差を説明できることを目標にします。,目的・主体・時点を同時確認;比較軸を先に固定;制度名だけで判断しない,主語の読み飛ばし;時系列の逆転;類似制度の混同,「目的→主体→時点」で毎回判定。,職場環境の改善;過重労働防止;ストレスチェック,「長時間労働面接と過重労働対策」の試験での位置づけは？,再発防止・配置転換・産業保健師・過重労働・職場環境など、実務プロセスの差を説明できることを目標にします。 試験では目的・主体・時点を同時確認を軸に、関連条文・数値・主体の取り違えを照合してください。 過去問で正誤の型を分類し、試験要項で数値・期限を照合してください。,「長時間労働面接と過重労働対策」でよくある誤答パターンは？,主語の読み飛ばし;時系列の逆転;類似制度の混同 誤答肢では比較軸を先に固定の主語や条件が入れ替わることが多いので、比較表で整理してください。 過去問で正誤の型を分類し、試験要項で数値・期限を照合してください。,「長時間労働面接と過重労働対策」の覚え方・確認手順は？,「長時間労働面接と過重労働対策」では目的・主体・時点を同時確認を軸に、条文・数値・主体の取り違えを比較表で整理してください。 典型誤答は主語の読み飛ばし;時系列の逆転;類似制度の混同。 過去問では条件文の主語入れ替え肢に注意してください。,「長時間労働面接と過重労働対策」の公式情報はどこで確認しますか？,「長時間労働面接と過重労働対策」では目的・主体・時点を同時確認を軸に、条文・数値・主体の取り違えを比較表で整理してください。 典型誤答は主語の読み飛ばし;時系列の逆転;類似制度の混同。 過去問では条件文の主語入れ替え肢に注意してください。
s34-kankyo-kaizen,職場環境把握と改善効果,職場環境・配慮,メンタルヘルスII種;;比較,職場環境把握と改善効果を、試験で混同しやすい5軸で整理します。,観点A;観点B,"[{""axis"": ""目的"", ""cols"": [""制度上の位置づけ"", ""職場運用の実務""]}, {""axis"": ""主体"", ""cols"": [""誰が実施するか"", ""誰と連携するか""]}, {""axis"": ""時点"", ""cols"": [""休職前後・復職時"", ""平時・事後""]}, {""axis"": ""試験の見分け"", ""cols"": [""キーワード判別"", ""主語の入替え""]}, {""axis"": ""誤答防止"", ""cols"": [""比較軸を先に固定"", ""条件文を最後まで読む""]}]",職場環境把握と改善効果｜メンタルヘルスII種,再発防止・配置転換・産業保健師・過重労働・職場環境など、実務プロセスの差を説明できることを目標にします。,目的・主体・時点を同時確認;比較軸を先に固定;制度名だけで判断しない,主語の読み飛ばし;時系列の逆転;類似制度の混同,「目的→主体→時点」で毎回判定。,職場環境の改善;過重労働防止;ストレスチェック,「職場環境把握と改善効果」の試験での位置づけは？,再発防止・配置転換・産業保健師・過重労働・職場環境など、実務プロセスの差を説明できることを目標にします。 試験では目的・主体・時点を同時確認を軸に、関連条文・数値・主体の取り違えを照合してください。 過去問で正誤の型を分類し、試験要項で数値・期限を照合してください。,「職場環境把握と改善効果」でよくある誤答パターンは？,主語の読み飛ばし;時系列の逆転;類似制度の混同 誤答肢では比較軸を先に固定の主語や条件が入れ替わることが多いので、比較表で整理してください。 過去問で正誤の型を分類し、試験要項で数値・期限を照合してください。,「職場環境把握と改善効果」の覚え方・確認手順は？,「職場環境把握と改善効果」では目的・主体・時点を同時確認を軸に、条文・数値・主体の取り違えを比較表で整理してください。 典型誤答は主語の読み飛ばし;時系列の逆転;類似制度の混同。 過去問では条件文の主語入れ替え肢に注意してください。,「職場環境把握と改善効果」の公式情報はどこで確認しますか？,「職場環境把握と改善効果」では目的・主体・時点を同時確認を軸に、条文・数値・主体の取り違えを比較表で整理してください。 典型誤答は主語の読み飛ばし;時系列の逆転;類似制度の混同。 過去問では条件文の主語入れ替え肢に注意してください。
s34-kyushoku-fukki,休職支援と復職支援,相談・連携・復職,メンタルヘルスII種;;比較,休職支援と復職支援を、試験で混同しやすい5軸で整理します。,観点A;観点B,"[{""axis"": ""目的"", ""cols"": [""制度上の位置づけ"", ""職場運用の実務""]}, {""axis"": ""主体"", ""cols"": [""誰が実施するか"", ""誰と連携するか""]}, {""axis"": ""時点"", ""cols"": [""休職前後・復職時"", ""平時・事後""]}, {""axis"": ""試験の見分け"", ""cols"": [""キーワード判別"", ""主語の入替え""]}, {""axis"": ""誤答防止"", ""cols"": [""比較軸を先に固定"", ""条件文を最後まで読む""]}]",休職支援と復職支援｜メンタルヘルスII種,再発防止・配置転換・産業保健師・過重労働・職場環境など、実務プロセスの差を説明できることを目標にします。,目的・主体・時点を同時確認;比較軸を先に固定;制度名だけで判断しない,主語の読み飛ばし;時系列の逆転;類似制度の混同,「目的→主体→時点」で毎回判定。,就業上の配慮;復職;再発予防,「休職支援と復職支援」の試験での位置づけは？,再発防止・配置転換・産業保健師・過重労働・職場環境など、実務プロセスの差を説明できることを目標にします。 試験では目的・主体・時点を同時確認を軸に、関連条文・数値・主体の取り違えを照合してください。 過去問で正誤の型を分類し、試験要項で数値・期限を照合してください。,「休職支援と復職支援」でよくある誤答パターンは？,主語の読み飛ばし;時系列の逆転;類似制度の混同 誤答肢では比較軸を先に固定の主語や条件が入れ替わることが多いので、比較表で整理してください。 過去問で正誤の型を分類し、試験要項で数値・期限を照合してください。,「休職支援と復職支援」の覚え方・確認手順は？,「休職支援と復職支援」では目的・主体・時点を同時確認を軸に、条文・数値・主体の取り違えを比較表で整理してください。 典型誤答は主語の読み飛ばし;時系列の逆転;類似制度の混同。 過去問では条件文の主語入れ替え肢に注意してください。,「休職支援と復職支援」の公式情報はどこで確認しますか？,「休職支援と復職支援」では目的・主体・時点を同時確認を軸に、条文・数値・主体の取り違えを比較表で整理してください。 典型誤答は主語の読み飛ばし;時系列の逆転;類似制度の混同。 過去問では条件文の主語入れ替え肢に注意してください。
s34-harassment-report,ハラスメント相談と通報,職場環境・配慮,メンタルヘルスII種;;比較,ハラスメント相談と通報を、試験で混同しやすい5軸で整理します。,観点A;観点B,"[{""axis"": ""目的"", ""cols"": [""制度上の位置づけ"", ""職場運用の実務""]}, {""axis"": ""主体"", ""cols"": [""誰が実施するか"", ""誰と連携するか""]}, {""axis"": ""時点"", ""cols"": [""休職前後・復職時"", ""平時・事後""]}, {""axis"": ""試験の見分け"", ""cols"": [""キーワード判別"", ""主語の入替え""]}, {""axis"": ""誤答防止"", ""cols"": [""比較軸を先に固定"", ""条件文を最後まで読む""]}]",ハラスメント相談と通報｜メンタルヘルスII種,再発防止・配置転換・産業保健師・過重労働・職場環境など、実務プロセスの差を説明できることを目標にします。,目的・主体・時点を同時確認;比較軸を先に固定;制度名だけで判断しない,主語の読み飛ばし;時系列の逆転;類似制度の混同,「目的→主体→時点」で毎回判定。,職場環境の改善;過重労働防止;ストレスチェック,「ハラスメント相談と通報」の試験での位置づけは？,再発防止・配置転換・産業保健師・過重労働・職場環境など、実務プロセスの差を説明できることを目標にします。 試験では目的・主体・時点を同時確認を軸に、関連条文・数値・主体の取り違えを照合してください。 過去問で正誤の型を分類し、試験要項で数値・期限を照合してください。,「ハラスメント相談と通報」でよくある誤答パターンは？,主語の読み飛ばし;時系列の逆転;類似制度の混同 誤答肢では比較軸を先に固定の主語や条件が入れ替わることが多いので、比較表で整理してください。 過去問で正誤の型を分類し、試験要項で数値・期限を照合してください。,「ハラスメント相談と通報」の覚え方・確認手順は？,「ハラスメント相談と通報」では目的・主体・時点を同時確認を軸に、条文・数値・主体の取り違えを比較表で整理してください。 典型誤答は主語の読み飛ばし;時系列の逆転;類似制度の混同。 過去問では条件文の主語入れ替え肢に注意してください。,「ハラスメント相談と通報」の公式情報はどこで確認しますか？,「ハラスメント相談と通報」では目的・主体・時点を同時確認を軸に、条文・数値・主体の取り違えを比較表で整理してください。 典型誤答は主語の読み飛ばし;時系列の逆転;類似制度の混同。 過去問では条件文の主語入れ替え肢に注意してください。
s34-committee-report,衛生委員会報告とストレス集団分析,基礎・役割,メンタルヘルスII種;;比較,衛生委員会報告とストレス集団分析を、試験で混同しやすい5軸で整理します。,観点A;観点B,"[{""axis"": ""目的"", ""cols"": [""制度上の位置づけ"", ""職場運用の実務""]}, {""axis"": ""主体"", ""cols"": [""誰が実施するか"", ""誰と連携するか""]}, {""axis"": ""時点"", ""cols"": [""休職前後・復職時"", ""平時・事後""]}, {""axis"": ""試験の見分け"", ""cols"": [""キーワード判別"", ""主語の入替え""]}, {""axis"": ""誤答防止"", ""cols"": [""比較軸を先に固定"", ""条件文を最後まで読む""]}]",衛生委員会報告とストレス集団分析｜メンタルヘルスII種,再発防止・配置転換・産業保健師・過重労働・職場環境など、実務プロセスの差を説明できることを目標にします。,目的・主体・時点を同時確認;比較軸を先に固定;制度名だけで判断しない,主語の読み飛ばし;時系列の逆転;類似制度の混同,「目的→主体→時点」で毎回判定。,管理監督者への教育研修・情報提供;メンタルヘルス不調の定義;保健師,「衛生委員会報告とストレス集団分析」の試験での位置づけは？,再発防止・配置転換・産業保健師・過重労働・職場環境など、実務プロセスの差を説明できることを目標にします。 試験では目的・主体・時点を同時確認を軸に、関連条文・数値・主体の取り違えを照合してください。 過去問で正誤の型を分類し、試験要項で数値・期限を照合してください。,「衛生委員会報告とストレス集団分析」でよくある誤答パターンは？,主語の読み飛ばし;時系列の逆転;類似制度の混同 誤答肢では比較軸を先に固定の主語や条件が入れ替わることが多いので、比較表で整理してください。 過去問で正誤の型を分類し、試験要項で数値・期限を照合してください。,「衛生委員会報告とストレス集団分析」の覚え方・確認手順は？,「衛生委員会報告とストレス集団分析」では目的・主体・時点を同時確認を軸に、条文・数値・主体の取り違えを比較表で整理してください。 典型誤答は主語の読み飛ばし;時系列の逆転;類似制度の混同。 過去問では条件文の主語入れ替え肢に注意してください。,「衛生委員会報告とストレス集団分析」の公式情報はどこで確認しますか？,「衛生委員会報告とストレス集団分析」では目的・主体・時点を同時確認を軸に、条文・数値・主体の取り違えを比較表で整理してください。 典型誤答は主語の読み飛ばし;時系列の逆転;類似制度の混同。 過去問では条件文の主語入れ替え肢に注意してください。
s35-stress-cmp,ストレスの比較整理（基礎整理）,職場環境・配慮,メンタルヘルスII種;;比較,「ストレス」と「ストレスチェック」（基礎整理）について、目的・主体・手続・数値・試験論点の5軸で違いを比較します。,ストレス（定義・目的）;ストレスチェック（主体・対象）,"[{""axis"": ""目的（定義・目的）"", ""cols"": [""ストレスの比較の目的"", ""過重労働防止の目的""]}, {""axis"": ""主体（定義・目的）"", ""cols"": [""ストレスの比較の義務者"", ""過重労働防止の義務者""]}, {""axis"": ""対象（定義・目的）"", ""cols"": [""ストレスの比較の適用範囲"", ""過重労働防止の適用範囲""]}, {""axis"": ""手続（定義・目的）"", ""cols"": [""ストレスの比較の手続"", ""過重労働防止の手続""]}, {""axis"": ""試験（定義・目的）"", ""cols"": [""ストレスの比較の頻出論点"", ""過重労働防止との混同点""]}]",ストレスの比較｜メンタルヘルスII種,ストレスは用語の定義と義務主体を先に固定し、比較表で整理してください。,用語の境界を表で整理;類似語の入替肢に注意;ストレスの定義と主体を固定,ストレスの主体を固定せずに暗記;観点Aと類似制度を混同;手順を省略したまま正解と判断,「ストレス＝定義→主体→対象」,職場環境の改善;過重労働防止;ストレスチェック,「ストレス」と「過重労働防止」の違いは何ですか？,ストレス（基礎整理）では、比較表の5軸（目的・主体・手続・数値・試験論点）でストレスと過重労働防止を並べ、主語と条件文の差を確認してください。 試験では用語の境界を表で整理をセットで確認してください。,「ストレス」の比較表の使い方は？,ストレスは用語の定義と義務主体を先に固定し、比較表で整理してください。 過去問で入れ替わった肢は、表のどの行が逆転したかをメモしてください。 試験では用語の境界を表で整理をセットで確認してください。 誤答ではストレスの主体を固定せずに暗記に注意してください。,「ストレス」で試験に出やすい混同は？,ストレスの主体を固定せずに暗記;観点Aと類似制度を混同;手順を省略したまま正解と判断 名称だけで判断せず、ストレスと過重労働防止それぞれの義務主体を条文で確認してください。 試験では用語の境界を表で整理をセットで確認してください。,「ストレス」の直前復習（基礎整理）は？,比較表を見ずにストレスと過重労働防止の違いを口述し、 誤答した設問は逆転した軸（主体・手順・数値）をタグ付けして再演習してください。 試験では用語の境界を表で整理をセットで確認してください。 誤答ではストレスの主体を固定せずに暗記に注意してください。
s35-harass-diff,ハラスメントの比較整理（基礎整理）,職場環境・配慮,メンタルヘルスII種;;比較,「ハラスメント」と「過重労働防止」（基礎整理）について、目的・主体・手続・数値・試験論点の5軸で違いを比較します。,ハラスメント（定義・目的）;過重労働防止（主体・対象）,"[{""axis"": ""目的（定義・目的）"", ""cols"": [""ハラスメントの違いの目的"", ""職場環境の改善の目的""]}, {""axis"": ""主体（定義・目的）"", ""cols"": [""ハラスメントの違いの義務者"", ""職場環境の改善の義務者""]}, {""axis"": ""対象（定義・目的）"", ""cols"": [""ハラスメントの違いの適用範囲"", ""職場環境の改善の適用範囲""]}, {""axis"": ""手続（定義・目的）"", ""cols"": [""ハラスメントの違いの手続"", ""職場環境の改善の手続""]}, {""axis"": ""試験（定義・目的）"", ""cols"": [""ハラスメントの違いの頻出論点"", ""職場環境の改善との混同点""]}]",ハラスメントの違い｜メンタルヘルスII種,ハラスメントは用語の定義と義務主体を先に固定し、比較表で整理してください。,ハラスメントの定義と主体を固定;用語の境界を表で整理;類似語の入替肢に注意,旧要項・旧数値をそのまま適用;ハラスメントの主体を固定せずに暗記;観点Aと類似制度を混同,「ハラスメント＝定義→主体→対象」,職場環境の改善;過重労働防止;ストレスチェック,「ハラスメントの違い」の試験での位置づけは？,ストレス・ハラスメントを中心に整理します。比較表で軸を先に固定してください。数値・日程・合格基準は日本産業衛生協会の公開資料とメンタルヘルス・マネジメント検定II種の試験要項で必ず確認してください。 試験ではストレスを軸に、関連条文・数値・主体の取り違えを照合してください。,「ハラスメントの違い」でよくある誤答パターンは？,名称だけ暗記;旧要項流用;主語の読み飛ばし 誤答肢ではハラスメントの主語や条件が入れ替わることが多いので、比較表で整理してください。 過去問で正誤の型を分類し、試験要項で数値・期限を照合してください。,「ハラスメントの違い」の覚え方・確認手順は？,「ハラスメントの違い」ではストレスを軸に、条文・数値・主体の取り違えを比較表で整理してください。 典型誤答は名称だけ暗記;旧要項流用;主語の読み飛ばし。 過去問では条件文の主語入れ替え肢に注意してください。,「ハラスメントの違い」の公式情報はどこで確認しますか？,「ハラスメントの違い」ではストレスを軸に、条文・数値・主体の取り違えを比較表で整理してください。 典型誤答は名称だけ暗記;旧要項流用;主語の読み飛ばし。 過去問では条件文の主語入れ替え肢に注意してください。
s36-mensetsu-cmp,面接の比較整理（実務連動）,相談・連携・復職,メンタルヘルスII種;;比較,「面接」と「再発予防」（実務連動）について、目的・主体・手続・数値・試験論点の5軸で違いを比較します。,面接（実施手順）;再発予防（記録・報告）,"[{""axis"": ""フロー（実施手順）"", ""cols"": [""面接の比較の実施順"", ""就業上の配慮の実施順""]}, {""axis"": ""記録（実施手順）"", ""cols"": [""面接の比較の記録"", ""就業上の配慮の記録""]}, {""axis"": ""連携（実施手順）"", ""cols"": [""面接の比較の関係者"", ""就業上の配慮の関係者""]}, {""axis"": ""異常時（実施手順）"", ""cols"": [""面接の比較の対応"", ""就業上の配慮の対応""]}, {""axis"": ""試験（実施手順）"", ""cols"": [""実務→試験の変換"", ""手順省略肢""]}]",面接の比較｜メンタルヘルスII種,面接は職場フロー（事前確認→実施→記録→報告）に沿って復習すると定着します。,面接の実施フローを順序固定;記録・報告まで一体確認;担当者分担を明確化,旧要項・旧数値をそのまま適用;面接の主体を固定せずに暗記;観点Aと類似制度を混同,「面接＝確認→実施→記録」,就業上の配慮;復職;再発予防,「面接」と「就業上の配慮」の違いは何ですか？,面接（実務連動）では、比較表の5軸（目的・主体・手続・数値・試験論点）で面接と就業上の配慮を並べ、主語と条件文の差を確認してください。 試験では面接の実施フローを順序固定をセットで確認してください。 誤答では旧要項・旧数値をそのまま適用に注意してください。,「面接」の比較表の使い方は？,面接は職場フロー（事前確認→実施→記録→報告）に沿って復習すると定着します。 過去問で入れ替わった肢は、表のどの行が逆転したかをメモしてください。 試験では面接の実施フローを順序固定をセットで確認してください。,「面接」で試験に出やすい混同は？,旧要項・旧数値をそのまま適用;面接の主体を固定せずに暗記;観点Aと類似制度を混同 名称だけで判断せず、面接と就業上の配慮それぞれの義務主体を条文で確認してください。 試験では面接の実施フローを順序固定をセットで確認してください。,「面接」の直前復習（実務連動）は？,比較表を見ずに面接と就業上の配慮の違いを口述し、 誤答した設問は逆転した軸（主体・手順・数値）をタグ付けして再演習してください。 試験では面接の実施フローを順序固定をセットで確認してください。 誤答では旧要項・旧数値をそのまま適用に注意してください。
s36-sangyoui-diff,産業医の比較整理（実務連動）,基礎・役割,メンタルヘルスII種;;比較,「産業医の制度」と「保健師」（実務連動）について、目的・主体・手続・数値・試験論点の5軸で違いを比較します。,産業医の制度（実施手順）;保健師（記録・報告）,"[{""axis"": ""フロー（実施手順）"", ""cols"": [""産業医の違いの実施順"", ""管理監督者への教育研修・情報提供の実施順""]}, {""axis"": ""記録（実施手順）"", ""cols"": [""産業医の違いの記録"", ""管理監督者への教育研修・情報提供の記録""]}, {""axis"": ""連携（実施手順）"", ""cols"": [""産業医の違いの関係者"", ""管理監督者への教育研修・情報提供の関係者""]}, {""axis"": ""異常時（実施手順）"", ""cols"": [""産業医の違いの対応"", ""管理監督者への教育研修・情報提供の対応""]}, {""axis"": ""試験（実施手順）"", ""cols"": [""実務→試験の変換"", ""手順省略肢""]}]",産業医の違い｜メンタルヘルスII種,産業医は職場フロー（事前確認→実施→記録→報告）に沿って復習すると定着します。,産業医の実施フローを順序固定;記録・報告まで一体確認;担当者分担を明確化,旧要項・旧数値をそのまま適用;産業医の主体を固定せずに暗記;観点Aと類似制度を混同,「産業医＝確認→実施→記録」,管理監督者への教育研修・情報提供;メンタルヘルス不調の定義;保健師,「産業医」と「管理監督者への教育研修・情報提供」の違いは何ですか？,産業医（実務連動）では、比較表の5軸（目的・主体・手続・数値・試験論点）で産業医と管理監督者への教育研修・情報提供を並べ、主語と条件文の差を確認してください。 試験では産業医の実施フローを順序固定をセットで確認してください。,「産業医」の比較表の使い方は？,産業医は職場フロー（事前確認→実施→記録→報告）に沿って復習すると定着します。 過去問で入れ替わった肢は、表のどの行が逆転したかをメモしてください。 試験では産業医の実施フローを順序固定をセットで確認してください。,「産業医」で試験に出やすい混同は？,旧要項・旧数値をそのまま適用;産業医の主体を固定せずに暗記;観点Aと類似制度を混同 名称だけで判断せず、産業医と管理監督者への教育研修・情報提供それぞれの義務主体を条文で確認してください。 試験では産業医の実施フローを順序固定をセットで確認してください。,「産業医」の直前復習（実務連動）は？,比較表を見ずに産業医と管理監督者への教育研修・情報提供の違いを口述し、 誤答した設問は逆転した軸（主体・手順・数値）をタグ付けして再演習してください。 試験では産業医の実施フローを順序固定をセットで確認してください。
s37-fukki-cmp,復職の比較整理（試験頻出）,相談・連携・復職,メンタルヘルスII種;;比較,「復職」と「就業上の配慮」（試験頻出）について、目的・主体・手続・数値・試験論点の5軸で違いを比較します。,復職（頻出論点）;就業上の配慮（逆転肢）,"[{""axis"": ""論点（頻出論点）"", ""cols"": [""復職の比較の条文"", ""再発予防の条文""]}, {""axis"": ""数値（頻出論点）"", ""cols"": [""復職の比較の数値"", ""再発予防の数値""]}, {""axis"": ""条件（頻出論点）"", ""cols"": [""復職の比較の要件"", ""再発予防の要件""]}, {""axis"": ""逆転（頻出論点）"", ""cols"": [""復職の比較の正答型"", ""逆転肢の例""]}, {""axis"": ""混同（頻出論点）"", ""cols"": [""復職の比較と再発予防の境界"", ""名称だけの判断""]}]",復職の比較｜メンタルヘルスII種,復職は過去問の逆転肢・数値混同を型別に分類し、条件文を最後まで読んでください。,数値+条件のセット暗記;復職の逆転肢パターンを分類;条件文の主語を下線,手順を省略したまま正解と判断;記録・報告義務を見落とす;旧要項・旧数値をそのまま適用,「復職＝主語→条件→数値」,就業上の配慮;復職;再発予防,「復職」と「再発予防」の違いは何ですか？,復職（試験頻出）では、比較表の5軸（目的・主体・手続・数値・試験論点）で復職と再発予防を並べ、主語と条件文の差を確認してください。 試験では数値+条件のセット暗記をセットで確認してください。 誤答では手順を省略したまま正解と判断に注意してください。,「復職」の比較表の使い方は？,復職は過去問の逆転肢・数値混同を型別に分類し、条件文を最後まで読んでください。 過去問で入れ替わった肢は、表のどの行が逆転したかをメモしてください。 試験では数値+条件のセット暗記をセットで確認してください。,「復職」で試験に出やすい混同は？,手順を省略したまま正解と判断;記録・報告義務を見落とす;旧要項・旧数値をそのまま適用 名称だけで判断せず、復職と再発予防それぞれの義務主体を条文で確認してください。 試験では数値+条件のセット暗記をセットで確認してください。,「復職」の直前復習（試験頻出）は？,比較表を見ずに復職と再発予防の違いを口述し、 誤答した設問は逆転した軸（主体・手順・数値）をタグ付けして再演習してください。 試験では数値+条件のセット暗記をセットで確認してください。 誤答では手順を省略したまま正解と判断に注意してください。
s37-kyushoku-diff,休職の比較整理（試験頻出）,相談・連携・復職,メンタルヘルスII種;;比較,「休職」と「復職」（試験頻出）について、目的・主体・手続・数値・試験論点の5軸で違いを比較します。,休職（頻出論点）;復職（逆転肢）,"[{""axis"": ""論点（頻出論点）"", ""cols"": [""休職の違いの条文"", ""再発予防の条文""]}, {""axis"": ""数値（頻出論点）"", ""cols"": [""休職の違いの数値"", ""再発予防の数値""]}, {""axis"": ""条件（頻出論点）"", ""cols"": [""休職の違いの要件"", ""再発予防の要件""]}, {""axis"": ""逆転（頻出論点）"", ""cols"": [""休職の違いの正答型"", ""逆転肢の例""]}, {""axis"": ""混同（頻出論点）"", ""cols"": [""休職の違いと再発予防の境界"", ""名称だけの判断""]}]",休職の違い｜メンタルヘルスII種,休職は過去問の逆転肢・数値混同を型別に分類し、条件文を最後まで読んでください。,数値+条件のセット暗記;休職の逆転肢パターンを分類;条件文の主語を下線,観点Aと類似制度を混同;手順を省略したまま正解と判断;記録・報告義務を見落とす,「休職＝主語→条件→数値」,就業上の配慮;復職;再発予防,「休職」と「再発予防」の違いは何ですか？,休職（試験頻出）では、比較表の5軸（目的・主体・手続・数値・試験論点）で休職と再発予防を並べ、主語と条件文の差を確認してください。 試験では数値+条件のセット暗記をセットで確認してください。 誤答では観点Aと類似制度を混同に注意してください。,「休職」の比較表の使い方は？,休職は過去問の逆転肢・数値混同を型別に分類し、条件文を最後まで読んでください。 過去問で入れ替わった肢は、表のどの行が逆転したかをメモしてください。 試験では数値+条件のセット暗記をセットで確認してください。,「休職」で試験に出やすい混同は？,観点Aと類似制度を混同;手順を省略したまま正解と判断;記録・報告義務を見落とす 名称だけで判断せず、休職と再発予防それぞれの義務主体を条文で確認してください。 試験では数値+条件のセット暗記をセットで確認してください。,「休職」の直前復習（試験頻出）は？,比較表を見ずに休職と再発予防の違いを口述し、 誤答した設問は逆転した軸（主体・手順・数値）をタグ付けして再演習してください。 試験では数値+条件のセット暗記をセットで確認してください。 誤答では観点Aと類似制度を混同に注意してください。
s38-linecare-cmp,ラインケアの比較整理（判例・ガイド）,基礎・役割,メンタルヘルスII種;;比較,「ラインケアの比較」と「保健師」（判例・ガイド）について、目的・主体・手続・数値・試験論点の5軸で違いを比較します。,ラインケアの比較（法令根拠）;保健師（ガイド・通知）,"[{""axis"": ""根拠（法令根拠）"", ""cols"": [""ラインケアの比較の法令"", ""保健師の法令""]}, {""axis"": ""ガイド（法令根拠）"", ""cols"": [""ラインケアの比較の指針"", ""保健師の指針""]}, {""axis"": ""運用（法令根拠）"", ""cols"": [""ラインケアの比較の実務解釈"", ""保健師の実務解釈""]}, {""axis"": ""更新（法令根拠）"", ""cols"": [""ラインケアの比較の改定点"", ""保健師の改定点""]}, {""axis"": ""試験（法令根拠）"", ""cols"": [""条文×ガイド"", ""旧通知の流用""]}]",ラインケアの比較｜メンタルヘルスII種,ラインケアは法令条文とガイドライン・通知の対応表を作成し、優先関係を確認してください。,優先順位を表で整理;ラインケアのガイドと条文の対応;通知・通達の位置づけ確認,旧要項・旧数値をそのまま適用;ラインケアの主体を固定せずに暗記;観点Aと類似制度を混同,「ラインケア＝条文→ガイド→事例」,管理監督者への教育研修・情報提供;メンタルヘルス不調の定義;保健師,「ラインケアの比較」の試験での位置づけは？,ラインケア・集団分析を中心に整理します。比較表で軸を先に固定してください。数値・日程・合格基準は日本産業衛生協会の公開資料とメンタルヘルス・マネジメント検定II種の試験要項で必ず確認してください。 試験ではラインケアを軸に、関連条文・数値・主体の取り違えを照合してください。,「ラインケアの比較」でよくある誤答パターンは？,「ラインケアの比較」ではラインケアを軸に、条文・数値・主体の取り違えを比較表で整理してください。 典型誤答は名称だけ暗記;旧要項流用;主語の読み飛ばし。 過去問では条件文の主語入れ替え肢に注意してください。,「ラインケアの比較」の覚え方・確認手順は？,「ラインケアの比較」ではラインケアを軸に、条文・数値・主体の取り違えを比較表で整理してください。 典型誤答は名称だけ暗記;旧要項流用;主語の読み飛ばし。 過去問では条件文の主語入れ替え肢に注意してください。,「ラインケアの比較」の公式情報はどこで確認しますか？,「ラインケアの比較」ではラインケアを軸に、条文・数値・主体の取り違えを比較表で整理してください。 典型誤答は名称だけ暗記;旧要項流用;主語の読み飛ばし。 過去問では条件文の主語入れ替え肢に注意してください。
s38-shudan-diff,集団分析の比較整理（判例・ガイド）,職場環境・配慮,メンタルヘルスII種;;比較,「集団分析」と「ストレスチェック」（判例・ガイド）について、目的・主体・手続・数値・試験論点の5軸で違いを比較します。,集団分析（法令根拠）;ストレスチェック（ガイド・通知）,"[{""axis"": ""根拠（法令根拠）"", ""cols"": [""集団分析の違いの法令"", ""職場環境の改善の法令""]}, {""axis"": ""ガイド（法令根拠）"", ""cols"": [""集団分析の違いの指針"", ""職場環境の改善の指針""]}, {""axis"": ""運用（法令根拠）"", ""cols"": [""集団分析の違いの実務解釈"", ""職場環境の改善の実務解釈""]}, {""axis"": ""更新（法令根拠）"", ""cols"": [""集団分析の違いの改定点"", ""職場環境の改善の改定点""]}, {""axis"": ""試験（法令根拠）"", ""cols"": [""条文×ガイド"", ""旧通知の流用""]}]",集団分析の違い｜メンタルヘルスII種,集団分析は法令条文とガイドライン・通知の対応表を作成し、優先関係を確認してください。,集団分析のガイドと条文の対応;通知・通達の位置づけ確認;優先順位を表で整理,手順を省略したまま正解と判断;記録・報告義務を見落とす;旧要項・旧数値をそのまま適用,「集団分析＝条文→ガイド→事例」,職場環境の改善;過重労働防止;ストレスチェック,「集団分析」と「職場環境の改善」の違いは何ですか？,集団分析（判例・ガイド）では、比較表の5軸（目的・主体・手続・数値・試験論点）で集団分析と職場環境の改善を並べ、主語と条件文の差を確認してください。 試験では集団分析のガイドと条文の対応をセットで確認してください。,「集団分析」の比較表の使い方は？,集団分析は法令条文とガイドライン・通知の対応表を作成し、優先関係を確認してください。 過去問で入れ替わった肢は、表のどの行が逆転したかをメモしてください。 試験では集団分析のガイドと条文の対応をセットで確認してください。,「集団分析」で試験に出やすい混同は？,手順を省略したまま正解と判断;記録・報告義務を見落とす;旧要項・旧数値をそのまま適用 名称だけで判断せず、集団分析と職場環境の改善それぞれの義務主体を条文で確認してください。 試験では集団分析のガイドと条文の対応をセットで確認してください。,「集団分析」の直前復習（判例・ガイド）は？,比較表を見ずに集団分析と職場環境の改善の違いを口述し、 誤答した設問は逆転した軸（主体・手順・数値）をタグ付けして再演習してください。 試験では集団分析のガイドと条文の対応をセットで確認してください。
s39-kiroku-cmp,記録の比較整理（横断総合）,相談・連携・復職,メンタルヘルスII種;;比較,「記録の比較」と「復職」（横断総合）について、目的・主体・手続・数値・試験論点の5軸で違いを比較します。,記録の比較（制度位置づけ）;復職（類似制度との違い）,"[{""axis"": ""制度（制度位置づけ）"", ""cols"": [""記録の比較の位置づけ"", ""復職の位置づけ""]}, {""axis"": ""関係（制度位置づけ）"", ""cols"": [""記録の比較との連携"", ""復職との連携""]}, {""axis"": ""リスク（制度位置づけ）"", ""cols"": [""記録の比較の違反リスク"", ""復職の違反リスク""]}, {""axis"": ""総合（制度位置づけ）"", ""cols"": [""横断マップ上の記録の比較"", ""横断マップ上の復職""]}, {""axis"": ""直前（制度位置づけ）"", ""cols"": [""弱点チェック"", ""同型誤答の再確認""]}]",記録の比較｜メンタルヘルスII種,記録は関連制度との違いを横断マップにまとめ、直前総仕上げに使ってください。,横断マップで弱点可視化;直前は誤答型の反復;記録と関連制度の違い,観点Aと類似制度を混同;手順を省略したまま正解と判断;記録・報告義務を見落とす,「記録＝関連制度と境界線」,就業上の配慮;復職;再発予防,「記録」と「復職」の違いは何ですか？,記録（横断総合）では、比較表の5軸（目的・主体・手続・数値・試験論点）で記録と復職を並べ、主語と条件文の差を確認してください。 試験では横断マップで弱点可視化をセットで確認してください。 誤答では観点Aと類似制度を混同に注意してください。,「記録」の比較表の使い方は？,記録は関連制度との違いを横断マップにまとめ、直前総仕上げに使ってください。 過去問で入れ替わった肢は、表のどの行が逆転したかをメモしてください。 試験では横断マップで弱点可視化をセットで確認してください。,「記録」で試験に出やすい混同は？,観点Aと類似制度を混同;手順を省略したまま正解と判断;記録・報告義務を見落とす 名称だけで判断せず、記録と復職それぞれの義務主体を条文で確認してください。 試験では横断マップで弱点可視化をセットで確認してください。,「記録」の直前復習（横断総合）は？,比較表を見ずに記録と復職の違いを口述し、 誤答した設問は逆転した軸（主体・手順・数値）をタグ付けして再演習してください。 試験では横断マップで弱点可視化をセットで確認してください。 誤答では観点Aと類似制度を混同に注意してください。
s39-shiken-diff,試験の比較整理（横断総合）,基礎・役割,メンタルヘルスII種;;比較,「試験」と「メンタルヘルス不調の定義」（横断総合）について、目的・主体・手続・数値・試験論点の5軸で違いを比較します。,試験（制度位置づけ）;メンタルヘルス不調の定義（類似制度との違い）,"[{""axis"": ""制度（制度位置づけ）"", ""cols"": [""試験の違いの位置づけ"", ""管理監督者への教育研修・情報提供の位置づけ""]}, {""axis"": ""関係（制度位置づけ）"", ""cols"": [""試験の違いとの連携"", ""管理監督者への教育研修・情報提供との連携""]}, {""axis"": ""リスク（制度位置づけ）"", ""cols"": [""試験の違いの違反リスク"", ""管理監督者への教育研修・情報提供の違反リスク""]}, {""axis"": ""総合（制度位置づけ）"", ""cols"": [""横断マップ上の試験の違い"", ""横断マップ上の管理監督者への教育研修・情報提供""]}, {""axis"": ""直前（制度位置づけ）"", ""cols"": [""弱点チェック"", ""同型誤答の再確認""]}]",試験の違い｜メンタルヘルスII種,試験は関連制度との違いを横断マップにまとめ、直前総仕上げに使ってください。,試験と関連制度の違い;横断マップで弱点可視化;直前は誤答型の反復,観点Aと類似制度を混同;手順を省略したまま正解と判断;記録・報告義務を見落とす,「試験＝関連制度と境界線」,管理監督者への教育研修・情報提供;メンタルヘルス不調の定義;保健師,「試験」と「管理監督者への教育研修・情報提供」の違いは何ですか？,試験（横断総合）では、比較表の5軸（目的・主体・手続・数値・試験論点）で試験と管理監督者への教育研修・情報提供を並べ、主語と条件文の差を確認してください。 試験では試験と関連制度の違いをセットで確認してください。,「試験」の比較表の使い方は？,試験は関連制度との違いを横断マップにまとめ、直前総仕上げに使ってください。 過去問で入れ替わった肢は、表のどの行が逆転したかをメモしてください。 試験では試験と関連制度の違いをセットで確認してください。,「試験」で試験に出やすい混同は？,観点Aと類似制度を混同;手順を省略したまま正解と判断;記録・報告義務を見落とす 名称だけで判断せず、試験と管理監督者への教育研修・情報提供それぞれの義務主体を条文で確認してください。 試験では試験と関連制度の違いをセットで確認してください。,「試験」の直前復習（横断総合）は？,比較表を見ずに試験と管理監督者への教育研修・情報提供の違いを口述し、 誤答した設問は逆転した軸（主体・手順・数値）をタグ付けして再演習してください。 試験では試験と関連制度の違いをセットで確認してください。
s40-saihatsu-keikaku-cmp,再発防止計画の比較整理（基礎整理）,相談・連携・復職,メンタルヘルスII種;;比較,「再発防止計画」と「復職」（基礎整理）について、目的・主体・手続・数値・試験論点の5軸で違いを比較します。,再発防止計画（定義・目的）;復職（主体・対象）,"[{""axis"": ""目的（定義・目的）"", ""cols"": [""再発防止計画の目的"", ""復職の目的""]}, {""axis"": ""主体（定義・目的）"", ""cols"": [""再発防止計画の義務者"", ""復職の義務者""]}, {""axis"": ""対象（定義・目的）"", ""cols"": [""再発防止計画の適用範囲"", ""復職の適用範囲""]}, {""axis"": ""手続（定義・目的）"", ""cols"": [""再発防止計画の手続"", ""復職の手続""]}, {""axis"": ""試験（定義・目的）"", ""cols"": [""再発防止計画の頻出論点"", ""復職との混同点""]}]",再発防止計画の比較｜メンタルヘルスII種,再発防止計画は用語の定義と義務主体を先に固定し、比較表で整理してください。,用語の境界を表で整理;類似語の入替肢に注意;再発防止計画の定義と主体を固定,手順を省略したまま正解と判断;記録・報告義務を見落とす;旧要項・旧数値をそのまま適用,「再発防止計画＝定義→主体→対象」,就業上の配慮;復職;再発予防,「再発防止計画の比較」の試験での位置づけは？,再発防止計画・休復職支援を中心に整理します。比較表で軸を先に固定してください。数値・日程・合格基準は日本産業衛生協会の公開資料とメンタルヘルス・マネジメント検定II種の試験要項で必ず確認してください。 試験では再発防止計画を軸に、関連条文・数値・主体の取り違えを照合してください。,「再発防止計画の比較」でよくある誤答パターンは？,「再発防止計画の比較」では再発防止計画を軸に、条文・数値・主体の取り違えを比較表で整理してください。 典型誤答は名称だけ暗記;旧要項流用;主語の読み飛ばし。 過去問では条件文の主語入れ替え肢に注意してください。,「再発防止計画の比較」の覚え方・確認手順は？,「再発防止計画の比較」では再発防止計画を軸に、条文・数値・主体の取り違えを比較表で整理してください。 典型誤答は名称だけ暗記;旧要項流用;主語の読み飛ばし。 過去問では条件文の主語入れ替え肢に注意してください。,「再発防止計画の比較」の公式情報はどこで確認しますか？,「再発防止計画の比較」では再発防止計画を軸に、条文・数値・主体の取り違えを比較表で整理してください。 典型誤答は名称だけ暗記;旧要項流用;主語の読み飛ばし。 過去問では条件文の主語入れ替え肢に注意してください。
s40-kyufukki-shien-diff,休復職支援の比較整理（基礎整理）,相談・連携・復職,メンタルヘルスII種;;比較,「休復職支援」と「復職」（基礎整理）について、目的・主体・手続・数値・試験論点の5軸で違いを比較します。,休復職支援（定義・目的）;復職（主体・対象）,"[{""axis"": ""目的（定義・目的）"", ""cols"": [""休復職支援の違いの目的"", ""再発予防の目的""]}, {""axis"": ""主体（定義・目的）"", ""cols"": [""休復職支援の違いの義務者"", ""再発予防の義務者""]}, {""axis"": ""対象（定義・目的）"", ""cols"": [""休復職支援の違いの適用範囲"", ""再発予防の適用範囲""]}, {""axis"": ""手続（定義・目的）"", ""cols"": [""休復職支援の違いの手続"", ""再発予防の手続""]}, {""axis"": ""試験（定義・目的）"", ""cols"": [""休復職支援の違いの頻出論点"", ""再発予防との混同点""]}]",休復職支援の違い｜メンタルヘルスII種,休復職支援は用語の定義と義務主体を先に固定し、比較表で整理してください。,類似語の入替肢に注意;休復職支援の定義と主体を固定;用語の境界を表で整理,手順を省略したまま正解と判断;記録・報告義務を見落とす;旧要項・旧数値をそのまま適用,「休復職支援＝定義→主体→対象」,就業上の配慮;復職;再発予防,「休復職支援の違い」の試験での位置づけは？,再発防止計画・休復職支援を中心に整理します。比較表で軸を先に固定してください。数値・日程・合格基準は日本産業衛生協会の公開資料とメンタルヘルス・マネジメント検定II種の試験要項で必ず確認してください。 試験では再発防止計画を軸に、関連条文・数値・主体の取り違えを照合してください。,「休復職支援の違い」でよくある誤答パターンは？,「休復職支援の違い」では再発防止計画を軸に、条文・数値・主体の取り違えを比較表で整理してください。 典型誤答は名称だけ暗記;旧要項流用;主語の読み飛ばし。 過去問では条件文の主語入れ替え肢に注意してください。,「休復職支援の違い」の覚え方・確認手順は？,「休復職支援の違い」では再発防止計画を軸に、条文・数値・主体の取り違えを比較表で整理してください。 典型誤答は名称だけ暗記;旧要項流用;主語の読み飛ばし。 過去問では条件文の主語入れ替え肢に注意してください。,「休復職支援の違い」の公式情報はどこで確認しますか？,「休復職支援の違い」では再発防止計画を軸に、条文・数値・主体の取り違えを比較表で整理してください。 典型誤答は名称だけ暗記;旧要項流用;主語の読み飛ばし。 過去問では条件文の主語入れ替え肢に注意してください。
s41-sangyoui-mensetsu-cmp,産業医面接の比較整理（実務連動）,基礎・役割,メンタルヘルスII種;;比較,「産業医面接」と「保健師」（実務連動）について、目的・主体・手続・数値・試験論点の5軸で違いを比較します。,産業医面接（実施手順）;保健師（記録・報告）,"[{""axis"": ""フロー（実施手順）"", ""cols"": [""産業医面接の比較の実施順"", ""メンタルヘルス不調の定義の実施順""]}, {""axis"": ""記録（実施手順）"", ""cols"": [""産業医面接の比較の記録"", ""メンタルヘルス不調の定義の記録""]}, {""axis"": ""連携（実施手順）"", ""cols"": [""産業医面接の比較の関係者"", ""メンタルヘルス不調の定義の関係者""]}, {""axis"": ""異常時（実施手順）"", ""cols"": [""産業医面接の比較の対応"", ""メンタルヘルス不調の定義の対応""]}, {""axis"": ""試験（実施手順）"", ""cols"": [""実務→試験の変換"", ""手順省略肢""]}]",産業医面接の比較｜メンタルヘルスII種,産業医面接は職場フロー（事前確認→実施→記録→報告）に沿って復習すると定着します。,記録・報告まで一体確認;担当者分担を明確化;産業医面接の実施フローを順序固定,旧要項・旧数値をそのまま適用;産業医面接の主体を固定せずに暗記;観点Aと類似制度を混同,「産業医面接＝確認→実施→記録」,管理監督者への教育研修・情報提供;メンタルヘルス不調の定義;保健師,「産業医面接の比較」の試験での位置づけは？,産業医面接・過重労働対策を中心に整理します。比較表で軸を先に固定してください。数値・日程・合格基準は日本産業衛生協会の公開資料とメンタルヘルス・マネジメント検定II種の試験要項で必ず確認してください。 試験では産業医面接を軸に、関連条文・数値・主体の取り違えを照合してください。,「産業医面接の比較」でよくある誤答パターンは？,名称だけ暗記;旧要項流用;主語の読み飛ばし 誤答肢では過重労働対策の主語や条件が入れ替わることが多いので、比較表で整理してください。 過去問で正誤の型を分類し、試験要項で数値・期限を照合してください。,「産業医面接の比較」の覚え方・確認手順は？,「産業医面接の比較」では産業医面接を軸に、条文・数値・主体の取り違えを比較表で整理してください。 典型誤答は名称だけ暗記;旧要項流用;主語の読み飛ばし。 過去問では条件文の主語入れ替え肢に注意してください。,「産業医面接の比較」の公式情報はどこで確認しますか？,「産業医面接の比較」では産業医面接を軸に、条文・数値・主体の取り違えを比較表で整理してください。 典型誤答は名称だけ暗記;旧要項流用;主語の読み飛ばし。 過去問では条件文の主語入れ替え肢に注意してください。
s41-kajurodo-diff,過重労働対策の比較整理（実務連動）,職場環境・配慮,メンタルヘルスII種;;比較,「過重労働対策」と「過重労働防止」（実務連動）について、目的・主体・手続・数値・試験論点の5軸で違いを比較します。,過重労働対策（実施手順）;過重労働防止（記録・報告）,"[{""axis"": ""フロー（実施手順）"", ""cols"": [""過重労働対策の実施順"", ""過重労働防止の実施順""]}, {""axis"": ""記録（実施手順）"", ""cols"": [""過重労働対策の記録"", ""過重労働防止の記録""]}, {""axis"": ""連携（実施手順）"", ""cols"": [""過重労働対策の関係者"", ""過重労働防止の関係者""]}, {""axis"": ""異常時（実施手順）"", ""cols"": [""過重労働対策の対応"", ""過重労働防止の対応""]}, {""axis"": ""試験（実施手順）"", ""cols"": [""実務→試験の変換"", ""手順省略肢""]}]",過重労働対策の違い｜メンタルヘルスII種,過重労働対策は職場フロー（事前確認→実施→記録→報告）に沿って復習すると定着します。,記録・報告まで一体確認;担当者分担を明確化;過重労働対策の実施フローを順序固定,旧要項・旧数値をそのまま適用;過重労働対策の主体を固定せずに暗記;観点Aと類似制度を混同,「過重労働対策＝確認→実施→記録」,職場環境の改善;過重労働防止;ストレスチェック,「過重労働対策の違い」の試験での位置づけは？,産業医面接・過重労働対策を中心に整理します。比較表で軸を先に固定してください。数値・日程・合格基準は日本産業衛生協会の公開資料とメンタルヘルス・マネジメント検定II種の試験要項で必ず確認してください。 試験では産業医面接を軸に、関連条文・数値・主体の取り違えを照合してください。,「過重労働対策の違い」でよくある誤答パターンは？,名称だけ暗記;旧要項流用;主語の読み飛ばし 誤答肢では過重労働対策の主語や条件が入れ替わることが多いので、比較表で整理してください。 過去問で正誤の型を分類し、試験要項で数値・期限を照合してください。,「過重労働対策の違い」の覚え方・確認手順は？,「過重労働対策の違い」では産業医面接を軸に、条文・数値・主体の取り違えを比較表で整理してください。 典型誤答は名称だけ暗記;旧要項流用;主語の読み飛ばし。 過去問では条件文の主語入れ替え肢に注意してください。,「過重労働対策の違い」の公式情報はどこで確認しますか？,「過重労働対策の違い」では産業医面接を軸に、条文・数値・主体の取り違えを比較表で整理してください。 典型誤答は名称だけ暗記;旧要項流用;主語の読み飛ばし。 過去問では条件文の主語入れ替え肢に注意してください。
s42-shokuba-kaizen-cmp,職場環境改善の比較整理（試験頻出）,職場環境・配慮,メンタルヘルスII種;;比較,「職場環境改善」と「職場環境の改善」（試験頻出）について、目的・主体・手続・数値・試験論点の5軸で違いを比較します。,職場環境改善（頻出論点）;職場環境の改善（逆転肢）,"[{""axis"": ""論点（頻出論点）"", ""cols"": [""職場環境改善の比較の条文"", ""過重労働防止の条文""]}, {""axis"": ""数値（頻出論点）"", ""cols"": [""職場環境改善の比較の数値"", ""過重労働防止の数値""]}, {""axis"": ""条件（頻出論点）"", ""cols"": [""職場環境改善の比較の要件"", ""過重労働防止の要件""]}, {""axis"": ""逆転（頻出論点）"", ""cols"": [""職場環境改善の比較の正答型"", ""逆転肢の例""]}, {""axis"": ""混同（頻出論点）"", ""cols"": [""職場環境改善の比較と過重労働防止の境界"", ""名称だけの判断""]}]",職場環境改善の比較｜メンタルヘルスII種,職場環境改善は過去問の逆転肢・数値混同を型別に分類し、条件文を最後まで読んでください。,条件文の主語を下線;数値+条件のセット暗記;職場環境改善の逆転肢パターンを分類,手順を省略したまま正解と判断;記録・報告義務を見落とす;旧要項・旧数値をそのまま適用,「職場環境改善＝主語→条件→数値」,職場環境の改善;過重労働防止;ストレスチェック,「職場環境改善の比較」の試験での位置づけは？,職場環境改善・ハラスメント対応を中心に整理します。比較表で軸を先に固定してください。数値・日程・合格基準は日本産業衛生協会の公開資料とメンタルヘルス・マネジメント検定II種の試験要項で必ず確認してください。 試験では職場環境改善を軸に、関連条文・数値・主体の取り違えを照合してください。,「職場環境改善の比較」でよくある誤答パターンは？,名称だけ暗記;旧要項流用;主語の読み飛ばし 誤答肢ではハラスメント対応の主語や条件が入れ替わることが多いので、比較表で整理してください。 過去問で正誤の型を分類し、試験要項で数値・期限を照合してください。,「職場環境改善の比較」の覚え方・確認手順は？,「職場環境改善の比較」では職場環境改善を軸に、条文・数値・主体の取り違えを比較表で整理してください。 典型誤答は名称だけ暗記;旧要項流用;主語の読み飛ばし。 過去問では条件文の主語入れ替え肢に注意してください。,「職場環境改善の比較」の公式情報はどこで確認しますか？,「職場環境改善の比較」では職場環境改善を軸に、条文・数値・主体の取り違えを比較表で整理してください。 典型誤答は名称だけ暗記;旧要項流用;主語の読み飛ばし。 過去問では条件文の主語入れ替え肢に注意してください。
s42-harass-taiou-diff,ハラスメント対応の比較整理（試験頻出）,職場環境・配慮,メンタルヘルスII種;;比較,「ハラスメント対応」と「ストレスチェック」（試験頻出）について、目的・主体・手続・数値・試験論点の5軸で違いを比較します。,ハラスメント対応（頻出論点）;ストレスチェック（逆転肢）,"[{""axis"": ""論点（頻出論点）"", ""cols"": [""ハラスメント対応の違いの条文"", ""過重労働防止の条文""]}, {""axis"": ""数値（頻出論点）"", ""cols"": [""ハラスメント対応の違いの数値"", ""過重労働防止の数値""]}, {""axis"": ""条件（頻出論点）"", ""cols"": [""ハラスメント対応の違いの要件"", ""過重労働防止の要件""]}, {""axis"": ""逆転（頻出論点）"", ""cols"": [""ハラスメント対応の違いの正答型"", ""逆転肢の例""]}, {""axis"": ""混同（頻出論点）"", ""cols"": [""ハラスメント対応の違いと過重労働防止の境界"", ""名称だけの判断""]}]",ハラスメント対応の違い｜メンタルヘルスII種,ハラスメント対応は過去問の逆転肢・数値混同を型別に分類し、条件文を最後まで読んでください。,条件文の主語を下線;数値+条件のセット暗記;ハラスメント対応の逆転肢パターンを分類,観点Aと類似制度を混同;手順を省略したまま正解と判断;記録・報告義務を見落とす,「ハラスメント対応＝主語→条件→数値」,職場環境の改善;過重労働防止;ストレスチェック,「ハラスメント対応の違い」の試験での位置づけは？,職場環境改善・ハラスメント対応を中心に整理します。比較表で軸を先に固定してください。数値・日程・合格基準は日本産業衛生協会の公開資料とメンタルヘルス・マネジメント検定II種の試験要項で必ず確認してください。 試験では職場環境改善を軸に、関連条文・数値・主体の取り違えを照合してください。,「ハラスメント対応の違い」でよくある誤答パターンは？,名称だけ暗記;旧要項流用;主語の読み飛ばし 誤答肢ではハラスメント対応の主語や条件が入れ替わることが多いので、比較表で整理してください。 過去問で正誤の型を分類し、試験要項で数値・期限を照合してください。,「ハラスメント対応の違い」の覚え方・確認手順は？,「ハラスメント対応の違い」では職場環境改善を軸に、条文・数値・主体の取り違えを比較表で整理してください。 典型誤答は名称だけ暗記;旧要項流用;主語の読み飛ばし。 過去問では条件文の主語入れ替え肢に注意してください。,「ハラスメント対応の違い」の公式情報はどこで確認しますか？,「ハラスメント対応の違い」では職場環境改善を軸に、条文・数値・主体の取り違えを比較表で整理してください。 典型誤答は名称だけ暗記;旧要項流用;主語の読み飛ばし。 過去問では条件文の主語入れ替え肢に注意してください。
s43-linecare-kyoka-cmp,ラインケア強化の比較整理（判例・ガイド）,基礎・役割,メンタルヘルスII種;;比較,「ラインケア強化の比較」と「保健師」（判例・ガイド）について、目的・主体・手続・数値・試験論点の5軸で違いを比較します。,ラインケア強化の比較（法令根拠）;保健師（ガイド・通知）,"[{""axis"": ""根拠（法令根拠）"", ""cols"": [""ラインケア強化の比較の法令"", ""保健師の法令""]}, {""axis"": ""ガイド（法令根拠）"", ""cols"": [""ラインケア強化の比較の指針"", ""保健師の指針""]}, {""axis"": ""運用（法令根拠）"", ""cols"": [""ラインケア強化の比較の実務解釈"", ""保健師の実務解釈""]}, {""axis"": ""更新（法令根拠）"", ""cols"": [""ラインケア強化の比較の改定点"", ""保健師の改定点""]}, {""axis"": ""試験（法令根拠）"", ""cols"": [""条文×ガイド"", ""旧通知の流用""]}]",ラインケア強化の比較｜メンタルヘルスII種,ラインケア強化は法令条文とガイドライン・通知の対応表を作成し、優先関係を確認してください。,優先順位を表で整理;ラインケア強化のガイドと条文の対応;通知・通達の位置づけ確認,旧要項・旧数値をそのまま適用;ラインケア強化の主体を固定せずに暗記;観点Aと類似制度を混同,「ラインケア強化＝条文→ガイド→事例」,管理監督者への教育研修・情報提供;メンタルヘルス不調の定義;保健師,「ラインケア強化の比較」の試験での位置づけは？,ラインケア強化・集団分析活用を中心に整理します。比較表で軸を先に固定してください。数値・日程・合格基準は日本産業衛生協会の公開資料とメンタルヘルス・マネジメント検定II種の試験要項で必ず確認してください。 試験ではラインケア強化を軸に、関連条文・数値・主体の取り違えを照合してください。,「ラインケア強化の比較」でよくある誤答パターンは？,名称だけ暗記;旧要項流用;主語の読み飛ばし 誤答肢では集団分析活用の主語や条件が入れ替わることが多いので、比較表で整理してください。 過去問で正誤の型を分類し、試験要項で数値・期限を照合してください。,「ラインケア強化の比較」の覚え方・確認手順は？,「ラインケア強化の比較」ではラインケア強化を軸に、条文・数値・主体の取り違えを比較表で整理してください。 典型誤答は名称だけ暗記;旧要項流用;主語の読み飛ばし。 過去問では条件文の主語入れ替え肢に注意してください。,「ラインケア強化の比較」の公式情報はどこで確認しますか？,「ラインケア強化の比較」ではラインケア強化を軸に、条文・数値・主体の取り違えを比較表で整理してください。 典型誤答は名称だけ暗記;旧要項流用;主語の読み飛ばし。 過去問では条件文の主語入れ替え肢に注意してください。
s43-shudan-katsuyo-diff,集団分析活用の比較整理（判例・ガイド）,職場環境・配慮,メンタルヘルスII種;;比較,「集団分析活用の違い」と「過重労働防止」（判例・ガイド）について、目的・主体・手続・数値・試験論点の5軸で違いを比較します。,集団分析活用の違い（法令根拠）;過重労働防止（ガイド・通知）,"[{""axis"": ""根拠（法令根拠）"", ""cols"": [""集団分析活用の違いの法令"", ""過重労働防止の法令""]}, {""axis"": ""ガイド（法令根拠）"", ""cols"": [""集団分析活用の違いの指針"", ""過重労働防止の指針""]}, {""axis"": ""運用（法令根拠）"", ""cols"": [""集団分析活用の違いの実務解釈"", ""過重労働防止の実務解釈""]}, {""axis"": ""更新（法令根拠）"", ""cols"": [""集団分析活用の違いの改定点"", ""過重労働防止の改定点""]}, {""axis"": ""試験（法令根拠）"", ""cols"": [""条文×ガイド"", ""旧通知の流用""]}]",集団分析活用の違い｜メンタルヘルスII種,集団分析活用は法令条文とガイドライン・通知の対応表を作成し、優先関係を確認してください。,通知・通達の位置づけ確認;優先順位を表で整理;集団分析活用のガイドと条文の対応,旧要項・旧数値をそのまま適用;集団分析活用の主体を固定せずに暗記;観点Aと類似制度を混同,「集団分析活用＝条文→ガイド→事例」,職場環境の改善;過重労働防止;ストレスチェック,「集団分析活用の違い」の試験での位置づけは？,ラインケア強化・集団分析活用を中心に整理します。比較表で軸を先に固定してください。数値・日程・合格基準は日本産業衛生協会の公開資料とメンタルヘルス・マネジメント検定II種の試験要項で必ず確認してください。 試験ではラインケア強化を軸に、関連条文・数値・主体の取り違えを照合してください。,「集団分析活用の違い」でよくある誤答パターンは？,名称だけ暗記;旧要項流用;主語の読み飛ばし 誤答肢では集団分析活用の主語や条件が入れ替わることが多いので、比較表で整理してください。 過去問で正誤の型を分類し、試験要項で数値・期限を照合してください。,「集団分析活用の違い」の覚え方・確認手順は？,「集団分析活用の違い」ではラインケア強化を軸に、条文・数値・主体の取り違えを比較表で整理してください。 典型誤答は名称だけ暗記;旧要項流用;主語の読み飛ばし。 過去問では条件文の主語入れ替え肢に注意してください。,「集団分析活用の違い」の公式情報はどこで確認しますか？,「集団分析活用の違い」ではラインケア強化を軸に、条文・数値・主体の取り違えを比較表で整理してください。 典型誤答は名称だけ暗記;旧要項流用;主語の読み飛ばし。 過去問では条件文の主語入れ替え肢に注意してください。
s44-kiroku-kanri-cmp,記録管理の比較整理（横断総合）,相談・連携・復職,メンタルヘルスII種;;比較,「記録管理の対比」と「復職」（横断総合）について、目的・主体・手続・数値・試験論点の5軸で違いを比較します。,記録管理の対比（制度位置づけ）;復職（類似制度との違い）,"[{""axis"": ""制度（制度位置づけ）"", ""cols"": [""記録管理の比較の位置づけ"", ""就業上の配慮の位置づけ""]}, {""axis"": ""関係（制度位置づけ）"", ""cols"": [""記録管理の比較との連携"", ""就業上の配慮との連携""]}, {""axis"": ""リスク（制度位置づけ）"", ""cols"": [""記録管理の比較の違反リスク"", ""就業上の配慮の違反リスク""]}, {""axis"": ""総合（制度位置づけ）"", ""cols"": [""横断マップ上の記録管理の比較"", ""横断マップ上の就業上の配慮""]}, {""axis"": ""直前（制度位置づけ）"", ""cols"": [""弱点チェック"", ""同型誤答の再確認""]}]",記録管理の比較｜メンタルヘルスII種,記録管理は関連制度との違いを横断マップにまとめ、直前総仕上げに使ってください。,記録管理と関連制度の違い;横断マップで弱点可視化;直前は誤答型の反復,手順を省略したまま正解と判断;記録・報告義務を見落とす;旧要項・旧数値をそのまま適用,「記録管理＝関連制度と境界線」,就業上の配慮;復職;再発予防,「記録管理」と「就業上の配慮」の違いは何ですか？,記録管理（横断総合）では、比較表の5軸（目的・主体・手続・数値・試験論点）で記録管理と就業上の配慮を並べ、主語と条件文の差を確認してください。 試験では記録管理と関連制度の違いをセットで確認してください。,「記録管理」の比較表の使い方は？,記録管理は関連制度との違いを横断マップにまとめ、直前総仕上げに使ってください。 過去問で入れ替わった肢は、表のどの行が逆転したかをメモしてください。 試験では記録管理と関連制度の違いをセットで確認してください。,「記録管理」で試験に出やすい混同は？,手順を省略したまま正解と判断;記録・報告義務を見落とす;旧要項・旧数値をそのまま適用 名称だけで判断せず、記録管理と就業上の配慮それぞれの義務主体を条文で確認してください。 試験では記録管理と関連制度の違いをセットで確認してください。,「記録管理」の直前復習（横断総合）は？,比較表を見ずに記録管理と就業上の配慮の違いを口述し、 誤答した設問は逆転した軸（主体・手順・数値）をタグ付けして再演習してください。 試験では記録管理と関連制度の違いをセットで確認してください。 誤答では手順を省略したまま正解と判断に注意してください。
s44-2shu-chokuzen-diff,二種直前の比較整理（横断総合）,基礎・役割,メンタルヘルスII種;;比較,「二種直前の区分」と「保健師」（横断総合）について、目的・主体・手続・数値・試験論点の5軸で違いを比較します。,二種直前の区分（制度位置づけ）;保健師（類似制度との違い）,"[{""axis"": ""制度（制度位置づけ）"", ""cols"": [""二種直前の位置づけ"", ""メンタルヘルス不調の定義の位置づけ""]}, {""axis"": ""関係（制度位置づけ）"", ""cols"": [""二種直前との連携"", ""メンタルヘルス不調の定義との連携""]}, {""axis"": ""リスク（制度位置づけ）"", ""cols"": [""二種直前の違反リスク"", ""メンタルヘルス不調の定義の違反リスク""]}, {""axis"": ""総合（制度位置づけ）"", ""cols"": [""横断マップ上の二種直前"", ""横断マップ上のメンタルヘルス不調の定義""]}, {""axis"": ""直前（制度位置づけ）"", ""cols"": [""弱点チェック"", ""同型誤答の再確認""]}]",二種直前の違い｜メンタルヘルスII種,二種直前は関連制度との違いを横断マップにまとめ、直前総仕上げに使ってください。,横断マップで弱点可視化;直前は誤答型の反復;二種直前と関連制度の違い,手順を省略したまま正解と判断;記録・報告義務を見落とす;旧要項・旧数値をそのまま適用,「二種直前＝関連制度と境界線」,管理監督者への教育研修・情報提供;メンタルヘルス不調の定義;保健師,「二種直前」と「メンタルヘルス不調の定義」の違いは何ですか？,二種直前（横断総合）では、比較表の5軸（目的・主体・手続・数値・試験論点）で二種直前とメンタルヘルス不調の定義を並べ、主語と条件文の差を確認してください。 試験では横断マップで弱点可視化をセットで確認してください。,「二種直前」の比較表の使い方は？,二種直前は関連制度との違いを横断マップにまとめ、直前総仕上げに使ってください。 過去問で入れ替わった肢は、表のどの行が逆転したかをメモしてください。 試験では横断マップで弱点可視化をセットで確認してください。,「二種直前」で試験に出やすい混同は？,手順を省略したまま正解と判断;記録・報告義務を見落とす;旧要項・旧数値をそのまま適用 名称だけで判断せず、二種直前とメンタルヘルス不調の定義それぞれの義務主体を条文で確認してください。 試験では横断マップで弱点可視化をセットで確認してください。,「二種直前」の直前復習（横断総合）は？,比較表を見ずに二種直前とメンタルヘルス不調の定義の違いを口述し、 誤答した設問は逆転した軸（主体・手順・数値）をタグ付けして再演習してください。 試験では横断マップで弱点可視化をセットで確認してください。
