slug,genre,title,content_status,portfolio_block,intent_type,seo_tier,seo_score,auto_decision,merge_target,primary_keyword_hint,rationale,in_keep_core,field_id,field_match,is_custom_slug,expert_pass,slug_cluster,manual_decision,notes
application-deadline-checklist,受験・申込,メン管II種·申込締切前【最終9点·3日前·当日】,published,A制度,do,A,78,keep,,メン管II種·申込締切前【最終9点·3日前·当日】,KEEP_CORE（SEOハブ・必須）,yes,,n/a,no,yes,other,,
exam-application-flow,受験・申込,メン管II種·申込の流れ【6ステップ·決済·受験票】,published,A制度,do,A,78,keep,,メン管II種·申込の流れ【6ステップ·決済·受験票】,KEEP_CORE（SEOハブ・必須）,yes,,n/a,no,yes,other,,
exam-eligibility,受験・申込,メン管II種·受験資格【管理監督者·選任·研修】,published,A制度,do,A,78,keep,,メン管II種·受験資格【管理監督者·選任·研修】,KEEP_CORE（SEOハブ・必須）,yes,,n/a,no,yes,other,,
exam-fees,受験・申込,メン管II種·受験料【要項確認·決済·控え保存】,published,A制度,do,A,78,keep,,メン管II種·受験料【要項確認·決済·控え保存】,KEEP_CORE（SEOハブ・必須）,yes,,n/a,no,yes,other,,
exam-schedule,受験・申込,メン管II種·試験日程【申込期間·12週逆算·要項】,published,A制度,do,A,78,keep,,メン管II種·試験日程【申込期間·12週逆算·要項】,KEEP_CORE（SEOハブ・必須）,yes,,n/a,no,yes,other,,
exam-venue-and-region,受験・申込,メン管II種·受験地·会場【申込選択·受験票·動線】,published,A制度,do,A,78,keep,,メン管II種·受験地·会場【申込選択·受験票·動線】,KEEP_CORE（SEOハブ・必須）,yes,,n/a,no,yes,other,,
official-info-sources,試験概要,メン管II種·公式情報【正本URL·要項·7領域】,published,A制度,do,C,66,keep,,メン管II種·公式情報【正本URL·要項·7領域】,KEEP_CORE（SEOハブ・必須）,yes,,n/a,no,yes,other,,
pass-announcement-guide,注意点・更新,メン管II種·合格発表確認【合否·70点·II種ラインケア】,published,A制度,do,C,66,keep,,メン管II種·合格発表確認【合否·70点·II種ラインケア】,KEEP_CORE（SEOハブ・必須）,yes,,n/a,no,yes,other,,
registration-after-pass,注意点・更新,メン管II種·登録·免許【II種不要·70点·比較表】,published,A制度,do,C,66,keep,,メン管II種·登録·免許【II種不要·70点·比較表】,KEEP_CORE（SEOハブ・必須）,yes,,n/a,no,yes,other,,
exam-format-overview,出題・形式,メン管II種·試験形式【100問·120分·70点·1.2分/問】,published,B形式,do,C,60,keep,,メン管II種·試験形式【100問·120分·70点·1.2分/問】,KEEP_CORE（SEOハブ・必須）,yes,,n/a,no,yes,other,,
exam-scope-overview,出題・形式,メン管II種·出題範囲【7領域一覧·100問·70点】,published,B形式,do,C,60,keep,,メン管II種·出題範囲【7領域一覧·100問·70点】,KEEP_CORE（SEOハブ・必須）,yes,,n/a,no,yes,other,,
subject-breakdown,出題・形式,メン管II種·科目構成【7領域·約14問·70点】,published,B形式,do,C,60,keep,,メン管II種·科目構成【7領域·約14問·70点】,KEEP_CORE（SEOハブ・必須）,yes,,n/a,no,yes,other,,
syllabus-how-to-read,出題・形式,メン管II種·要項の読み方【5点抜き出し·PDF手順】,published,B形式,do,C,60,keep,,メン管II種·要項の読み方【5点抜き出し·PDF手順】,KEEP_CORE（SEOハブ・必須）,yes,,n/a,no,yes,other,,
time-limit-strategy,出題・形式,メン管II種·時間配分【1.2分/問·72秒·段階練習】,published,B形式,do,C,60,keep,,メン管II種·時間配分【1.2分/問·72秒·段階練習】,KEEP_CORE（SEOハブ・必須）,yes,,n/a,no,yes,other,,
pass-rate,受験・申込,メン管II種·合格率【70点·演習正答率·統計の見方】,published,C難易度,do,A,76,keep,,メン管II種·合格率【70点·演習正答率·統計の見方】,KEEP_CORE（SEOハブ・必須）,yes,,n/a,no,yes,other,,
pass-score,合格・難易度,メン管II種·合格点【70点·100問·捨て問戦略】,published,C難易度,do,A,76,keep,,メン管II種·合格点【70点·100問·捨て問戦略】,KEEP_CORE（SEOハブ・必須）,yes,,n/a,no,yes,other,,
exam-difficulty,合格・難易度,メン管II種·難易度【70点·7領域·初学者3軸】,published,C難易度,do,A,46,keep,,メン管II種·難易度【70点·7領域·初学者3軸】,スコアリングで残否を判定（スコア上位で keep 候補）,no,,n/a,no,yes,other,,
study-plan,学習計画,メン管II種·勉強法【12週·7章·週次サイクル】,published,D学習,do,B,68,keep,,メン管II種·勉強法【12週·7章·週次サイクル】,KEEP_CORE（SEOハブ・必須）,yes,,n/a,no,yes,other,,
textbook-selection,独学対策,メン管II種·公式テキスト選び【第5/6版·7領域·正本】,published,D学習,do,B,68,keep,,メン管II種·公式テキスト選び【第5/6版·7領域·正本】,KEEP_CORE（SEOハブ・必須）,yes,,n/a,no,yes,other,,
correspondence-course-guide,独学対策,メン管II種·通信講座選び【独学可·7領域·ASP非掲載】,published,D学習,do,B,38,keep,,メン管II種·通信講座選び【独学可·7領域·ASP非掲載】,スコアリングで残否を判定（スコア上位で keep 候補）,no,,n/a,no,yes,other,,
free-materials-online,独学対策,メン管II種·無料教材活用【q/演習·用語·70点】,published,D学習,do,B,38,merge,study-plan,メン管II種·無料教材活用【q/演習·用語·70点】,スコアリングで残否を判定（50本上限・スコア38で merge）,no,,n/a,no,yes,other,,
balance-work-study,学習計画,メン管II種·仕事と勉強の両立【週3h·管理監督者·70点】,published,D学習,do,B,8,merge,study-plan,メン管II種·仕事と勉強の両立【週3h·管理監督者·70点】,クラスター統合（テンプレ定義）,no,,n/a,no,yes,other,,
first-30-days-plan,学習計画,メン管II種·最初の30日計画【7領域·演習導入·70点】,published,D学習,do,B,8,merge,study-plan,メン管II種·最初の30日計画【7領域·演習導入·70点】,クラスター統合（テンプレ定義）,no,,n/a,no,yes,other,,
material-update-cycle,独学対策,メン管II種·教材版·年度更新【第5/6版·要項·70点】,published,D学習,do,B,8,merge,syllabus-how-to-read,メン管II種·教材版·年度更新【第5/6版·要項·70点】,クラスター統合（テンプレ定義）,no,,n/a,no,yes,other,,
mistake-notebook,復習・苦手克服,メン管II種·間違いノート【4分類·4列·7日解き直し】,published,D学習,do,C,8,merge,study-plan,メン管II種·間違いノート【4分類·4列·7日解き直し】,クラスター統合（テンプレ定義）,no,,n/a,no,yes,other,,
plateau-breakthrough,復習・苦手克服,メン管II種·伸び悩み突破【2週停滞·弱点20問·70点】,published,D学習,do,C,8,merge,study-plan,メン管II種·伸び悩み突破【2週停滞·弱点20問·70点】,クラスター統合（テンプレ定義）,no,,n/a,no,yes,other,,
problem-book-selection,独学対策,メン管II種·問題集選び【第6版·7領域·1冊】,published,D学習,do,B,8,merge,textbook-selection,メン管II種·問題集選び【第6版·7領域·1冊】,クラスター統合（テンプレ定義）,no,,n/a,no,yes,other,,
review-cycle-spaced,復習・苦手克服,メン管II種·間隔反復復習【24h·7日·30日·70点】,published,D学習,do,C,8,merge,retake-strategy,メン管II種·間隔反復復習【24h·7日·30日·70点】,クラスター統合（テンプレ定義）,no,,n/a,no,yes,other,,
self-study-environment,独学対策,メン管II種·独学環境整備【週3h·通知遮断·70点】,published,D学習,do,B,8,merge,study-plan,メン管II種·独学環境整備【週3h·通知遮断·70点】,クラスター統合（テンプレ定義）,no,,n/a,no,yes,other,,
self-study-motivation,独学対策,メン管II種·モチベーション維持【週次振り返り·小目標·70点】,published,D学習,do,B,8,merge,study-plan,メン管II種·モチベーション維持【週次振り返り·小目標·70点】,クラスター統合（テンプレ定義）,no,,n/a,no,yes,other,,
self-study-schedule,独学対策,メン管II種·独学スケジュール【週5h·12週·70点】,published,D学習,do,A,8,merge,study-plan,メン管II種·独学スケジュール【週5h·12週·70点】,クラスター統合（テンプレ定義）,no,,n/a,no,yes,other,,
self-study-start,独学対策,メン管II種·独学の始め方【第1週·公式確認·70点】,published,D学習,do,B,8,merge,study-plan,メン管II種·独学の始め方【第1週·公式確認·70点】,クラスター統合（テンプレ定義）,no,,n/a,no,yes,other,,
self-study-without-school,独学対策,メン管II種·資格学校なし独学【コスト比較·3点·70点】,published,D学習,do,B,8,merge,study-plan,メン管II種·資格学校なし独学【コスト比較·3点·70点】,クラスター統合（テンプレ定義）,no,,n/a,no,yes,other,,
study-plan-1year,学習計画,メン管II種·1年学習計画【52週·模試3回·70点】,published,D学習,do,B,8,merge,study-plan,メン管II種·1年学習計画【52週·模試3回·70点】,クラスター統合（テンプレ定義）,no,,n/a,no,yes,other,,
study-plan-3months,学習計画,メン管II種·3か月学習計画【12週·100問·直前集中】,published,D学習,do,B,8,merge,study-plan,メン管II種·3か月学習計画【12週·100問·直前集中】,クラスター統合（テンプレ定義）,no,,n/a,no,yes,other,,
study-plan-6months,学習計画,メン管II種·6か月学習計画【26週·模試2回·70点】,published,D学習,do,B,8,merge,study-plan,メン管II種·6か月学習計画【26週·模試2回·70点】,クラスター統合（テンプレ定義）,no,,n/a,no,yes,other,,
study-plan-beginner,学習計画,メン管II種·初学者学習計画【用語→演習·7領域·70点】,published,D学習,do,B,8,merge,study-plan,メン管II種·初学者学習計画【用語→演習·7領域·70点】,クラスター統合（テンプレ定義）,no,,n/a,no,yes,other,,
study-plan-working,学習計画,メン管II種·社会人学習計画【週10h·通勤·70点】,published,D学習,do,B,8,merge,study-plan,メン管II種·社会人学習計画【週10h·通勤·70点】,クラスター統合（テンプレ定義）,no,,n/a,no,yes,other,,
field-law-basics,分野別対策,メン管II種·基礎·役割【領域①·4ケア·管理監督者】,published,E分野,do,B,64,keep,,メン管II種·基礎·役割【領域①·4ケア·管理監督者】,分野別（field-law-basics）（スコア上位で keep 候補）,no,law,ok,no,yes,field,,
field-limit-basics,分野別対策,メン管II種·相談·連携·復職【領域⑤⑥⑦·第5〜7章】,published,E分野,do,B,64,keep,,メン管II種·相談·連携·復職【領域⑤⑥⑦·第5〜7章】,分野別（field-limit-basics）（スコア上位で keep 候補）,no,limit,ok,no,yes,field,,
field-rights-basics,分野別対策,メン管II種·職場環境·配慮【領域③④·ストレス要因】,published,E分野,do,B,64,keep,,メン管II種·職場環境·配慮【領域③④·ストレス要因】,分野別（field-rights-basics）（スコア上位で keep 候補）,no,rights,ok,no,yes,field,,
past-questions-by-field,過去問活用,メン管II種·分野別過去問【7領域タグ·週10問·70点】,published,E過去問,do,B,66,keep,,メン管II種·分野別過去問【7領域タグ·週10問·70点】,KEEP_CORE（SEOハブ・必須）,yes,,n/a,no,yes,other,,
bookmark-review-method,過去問活用,メン管II種·ブックマーク復習【24h·7日·q/演習】,published,E過去問,do,B,36,merge,study-plan,メン管II種·ブックマーク復習【24h·7日·q/演習】,スコアリングで残否を判定（50本上限・スコア36で merge）,no,,n/a,no,yes,other,,
drill-volume-guide,過去問活用,メン管II種·演習量の目安【100問·7領域·70点】,published,E過去問,do,B,36,merge,study-plan,メン管II種·演習量の目安【100問·7領域·70点】,スコアリングで残否を判定（50本上限・スコア36で merge）,no,,n/a,no,yes,other,,
mock-exam-how-to,過去問活用,メン管II種·模試活用法【100問3回·48h弱点·70点】,published,E過去問,do,B,36,merge,study-plan,メン管II種·模試活用法【100問3回·48h弱点·70点】,スコアリングで残否を判定（50本上限・スコア36で merge）,no,,n/a,no,yes,other,,
past-questions-review-cycle,過去問活用,メン管II種·解き直しサイクル【100問後·24h·7日·30日】,published,E過去問,do,B,36,merge,study-plan,メン管II種·解き直しサイクル【100問後·24h·7日·30日】,スコアリングで残否を判定（50本上限・スコア36で merge）,no,,n/a,no,yes,other,,
past-questions-score-analysis,過去問活用,メン管II種·点数分析【100問·7領域·得点差5点】,published,E過去問,do,B,36,merge,study-plan,メン管II種·点数分析【100問·7領域·得点差5点】,スコアリングで残否を判定（50本上限・スコア36で merge）,no,,n/a,no,yes,other,,
past-questions-wrong-reasons,過去問活用,メン管II種·誤答原因分析【4分類·深掘り·70点】,published,E過去問,do,B,36,merge,study-plan,メン管II種·誤答原因分析【4分類·深掘り·70点】,スコアリングで残否を判定（50本上限・スコア36で merge）,no,,n/a,no,yes,other,,
timed-practice,過去問活用,メン管II種·時間計り演習【1.2分/問·50問11:00】,published,E過去問,do,B,36,merge,study-plan,メン管II種·時間計り演習【1.2分/問·50問11:00】,スコアリングで残否を判定（50本上限・スコア36で merge）,no,,n/a,no,yes,other,,
exam-day-flow,直前・当日,メン管II種·当日の流れ【到着〜120分〜退場】,published,F直前,do,A,76,keep,,メン管II種·当日の流れ【到着〜120分〜退場】,KEEP_CORE（SEOハブ・必須）,yes,,n/a,no,yes,other,,
exam-day-items,直前・当日,メン管II種·持ち物【7点·前日21:00·受験票】,published,F直前,do,A,76,keep,,メン管II種·持ち物【7点·前日21:00·受験票】,KEEP_CORE（SEOハブ・必須）,yes,,n/a,no,yes,other,,
final-day-checklist,直前・当日,メン管II種·前日チェック【21:00·就寝·7:00起床】,published,F直前,do,A,76,keep,,メン管II種·前日チェック【21:00·就寝·7:00起床】,KEEP_CORE（SEOハブ・必須）,yes,,n/a,no,yes,other,,
after-pass-procedure,注意点・更新,メン管II種·合格後手続き【交付→報告→活用·70点】,published,G合格後,do,C,56,keep,,メン管II種·合格後手続き【交付→報告→活用·70点】,KEEP_CORE（SEOハブ・必須）,yes,,n/a,no,yes,after-pass,,
retake-strategy,注意点・更新,メン管II種·再受験戦略【弱点優先·70点·方針転換】,published,G合格後,do,C,56,keep,,メン管II種·再受験戦略【弱点優先·70点·方針転換】,KEEP_CORE（SEOハブ・必須）,yes,,n/a,no,yes,other,,
score-gap-analysis,注意点・更新,メン管II種·得点差分析【70点ギャップ·5点回収】,published,G合格後,do,C,6,merge,retake-strategy,メン管II種·得点差分析【70点ギャップ·5点回収】,クラスター統合（テンプレ定義）,no,,n/a,no,yes,other,,
glossary-how-to,独学対策,メン管II種·用語解説活用【terms/·7領域·演習連携,published,H用語導線,know,B,56,keep,,メン管II種·用語解説活用【terms/·7領域·演習連携,KEEP_CORE（SEOハブ・必須）,yes,,n/a,no,yes,other,,
after-pass,受験・申込,メン管II種·合格後の証明書【交付·社内報告·現場活用】,published,I固有,do,A,50,keep,,メン管II種·合格後の証明書【交付·社内報告·現場活用】,テンプレ外の固有 slug（検索需要を人手確認）（スコア上位で keep 候補）,no,,n/a,yes,yes,other,,
eligibility,受験・申込,メン管II種·申込前チェック【資格·選任·書類7点】,published,I固有,do,A,50,keep,,メン管II種·申込前チェック【資格·選任·書類7点】,テンプレ外の固有 slug（検索需要を人手確認）（スコア上位で keep 候補）,no,,n/a,yes,yes,other,,
exam-last-minute,直前・当日,メン管II種·直前対策【1週間·弱点10問·70点】,published,I固有,do,A,50,keep,,メン管II種·直前対策【1週間·弱点10問·70点】,テンプレ外の固有 slug（検索需要を人手確認）（スコア上位で keep 候補）,no,,n/a,yes,yes,other,,
schedule,受験・申込,メン管II種·3点早見【日程·受験料·持ち物】,published,I固有,do,A,50,keep,,メン管II種·3点早見【日程·受験料·持ち物】,テンプレ外の固有 slug（検索需要を人手確認）（スコア上位で keep 候補）,no,,n/a,yes,yes,other,,
burnout-workplace,分野別対策,メン管II種·バーンアウトと職場【過重労働·回復·混同防止】,published,I固有,do,B,44,keep,,メン管II種·バーンアウトと職場【過重労働·回復·混同防止】,テンプレ外の固有 slug（検索需要を人手確認）（スコア上位で keep 候補）,no,,n/a,yes,yes,other,,
common-mistakes,独学対策,メン管II種·よくある誤答【役割·診断·情報共有·70点】,published,I固有,do,B,44,keep,,メン管II種·よくある誤答【役割·診断·情報共有·70点】,テンプレ外の固有 slug（検索需要を人手確認）（スコア上位で keep 候補）,no,,n/a,yes,yes,other,,
consultation-referral,分野別対策,メン管II種·相談·紹介【5ステップ·フォロー継続】,published,I固有,do,B,44,keep,,メン管II種·相談·紹介【5ステップ·フォロー継続】,テンプレ外の固有 slug（検索需要を人手確認）（スコア上位で keep 候補）,no,,n/a,yes,yes,other,,
depression-workplace,分野別対策,メン管II種·うつ病と職場【休業·配慮·段階的復帰】,published,I固有,do,B,44,keep,,メン管II種·うつ病と職場【休業·配慮·段階的復帰】,テンプレ外の固有 slug（検索需要を人手確認）（スコア上位で keep 候補）,no,,n/a,yes,yes,other,,
four-types-care,分野別対策,メン管II種·4つのケア【セルフ·ライン·内外·領域①】,published,I固有,do,B,44,keep,,メン管II種·4つのケア【セルフ·ライン·内外·領域①】,テンプレ外の固有 slug（検索需要を人手確認）（スコア上位で keep 候補）,no,,n/a,yes,yes,other,,
health-nurse-role,分野別対策,メン管II種·保健師·産業保健【事業場内·連携·相談窓口】,published,I固有,do,B,44,keep,,メン管II種·保健師·産業保健【事業場内·連携·相談窓口】,テンプレ外の固有 slug（検索需要を人手確認）（スコア上位で keep 候補）,no,,n/a,yes,yes,other,,
overwork-prevention,分野別対策,メン管II種·過重労働防止【把握·削減·休養·36協定】,published,I固有,do,B,44,keep,,メン管II種·過重労働防止【把握·削減·休養·36協定】,テンプレ外の固有 slug（検索需要を人手確認）（スコア上位で keep 候補）,no,,n/a,yes,yes,other,,
past-questions-study,独学対策,メン管II種·過去問·演習活用【4段階·100問·70点】,published,I固有,do,B,44,keep,,メン管II種·過去問·演習活用【4段階·100問·70点】,テンプレ外の固有 slug（検索需要を人手確認）（スコア上位で keep 候補）,no,,n/a,yes,yes,other,,
privacy-workplace,分野別対策,メン管II種·職場プライバシー【病名·共有·領域③④】,published,I固有,do,B,44,keep,,メン管II種·職場プライバシー【病名·共有·領域③④】,テンプレ外の固有 slug（検索需要を人手確認）（スコア上位で keep 候補）,no,,n/a,yes,yes,other,,
return-to-work,分野別対策,メン管II種·職場復帰【5ステップ·段階的復帰】,published,I固有,do,B,44,keep,,メン管II種·職場復帰【5ステップ·段階的復帰】,テンプレ外の固有 slug（検索需要を人手確認）（スコア上位で keep 候補）,no,,n/a,yes,yes,other,,
stress-model,分野別対策,メン管II種·ストレスモデル【要因·反応·領域②】,published,I固有,do,B,44,keep,,メン管II種·ストレスモデル【要因·反応·領域②】,テンプレ外の固有 slug（検索需要を人手確認）（スコア上位で keep 候補）,no,,n/a,yes,yes,other,,
suicide-response,分野別対策,メン管II種·自殺念慮·対策【安全配慮·連携·領域⑤】,published,I固有,do,B,44,keep,,メン管II種·自殺念慮·対策【安全配慮·連携·領域⑤】,テンプレ外の固有 slug（検索需要を人手確認）（スコア上位で keep 候補）,no,,n/a,yes,yes,other,,
workplace-bullying,分野別対策,メン管II種·職場いじめ【パワハラ以外·相談·再発防止】,published,I固有,do,B,44,keep,,メン管II種·職場いじめ【パワハラ以外·相談·再発防止】,テンプレ外の固有 slug（検索需要を人手確認）（スコア上位で keep 候補）,no,,n/a,yes,yes,other,,
workplace-improvement,分野別対策,メン管II種·職場環境改善【PDCA·集団分析·領域③】,published,I固有,do,B,44,keep,,メン管II種·職場環境改善【PDCA·集団分析·領域③】,テンプレ外の固有 slug（検索需要を人手確認）（スコア上位で keep 候補）,no,,n/a,yes,yes,other,,
harassment-consultation,試験概要,メン管II種·ハラスメント相談窓口【秘密保持·迅速調査·領域③⑥】,published,I固有,do,C,38,merge,study-plan,メン管II種·ハラスメント相談窓口【秘密保持·迅速調査·領域③⑥】,テンプレ外の固有 slug（検索需要を人手確認）（50本上限・スコア38で merge）,no,,n/a,yes,yes,other,,
overview,試験概要,メン管II種·試験概要【100問·7領域·70点·ラインケア】,published,I固有,do,C,38,merge,study-plan,メン管II種·試験概要【100問·7領域·70点·ラインケア】,テンプレ外の固有 slug（検索需要を人手確認）（50本上限・スコア38で merge）,no,,n/a,yes,yes,other,,
subjects,出題・形式,メン管II種·科目一覧【7領域·第1〜7章対応表】,published,I固有,do,C,38,merge,study-plan,メン管II種·科目一覧【7領域·第1〜7章対応表】,テンプレ外の固有 slug（検索需要を人手確認）（50本上限・スコア38で merge）,no,,n/a,yes,yes,other,,
self-study-guide,独学対策,メン管II種·独学総合ガイド【3点セット·100問·70点】,published,I固有,do,B,8,merge,study-plan,メン管II種·独学総合ガイド【3点セット·100問·70点】,汎用ガイド→学習計画へ,no,,n/a,yes,yes,other,,
affiliate-problem-books,独学対策,メンタルヘルス・マネジメント検定II種のおすすめ問題集3選【2026年度版·過去問】,published,Jアフィ,buy,B,56,keep,,メンタルヘルス・マネジメント検定II種のおすすめ問題集3選【2026年度版·過去問】,アフィリエイト記事（ASPリンク済み・ポートフォリオ維持）,no,,n/a,no,no,affiliate,,
affiliate-textbooks-recommend,独学対策,メンタルヘルス・マネジメント検定II種のおすすめテキスト3選【2026年度版·独学】,published,Jアフィ,buy,B,56,keep,,メンタルヘルス・マネジメント検定II種のおすすめテキスト3選【2026年度版·独学】,アフィリエイト記事（ASPリンク済み・ポートフォリオ維持）,no,,n/a,no,no,affiliate,,
compare-similar-qualifications,試験概要,メンタルヘルス・マネジメント検定II種の類似資格との比較,archived,A制度,do,C,28,skip,,メンタルヘルス・マネジメント検定II種の類似資格との比較,非公開（archived）,no,,n/a,no,no,compare,,
exam-purpose-and-career,試験概要,メンタルヘルス・マネジメント検定II種の試験目的とキャリア,archived,A制度,do,C,28,skip,,メンタルヘルス・マネジメント検定II種の試験目的とキャリア,非公開（archived）,no,,n/a,no,no,other,,
concurrent-exam-rules,受験・申込,メンタルヘルス・マネジメント検定II種の併願・同日受験のルール,archived,A制度,do,A,9,skip,exam-eligibility,メンタルヘルス・マネジメント検定II種の併願・同日受験のルール,非公開（archived）,no,,n/a,no,no,other,,
education-requirement,受験・申込,メンタルヘルス・マネジメント検定II種の学歴要件と受験資格,archived,A制度,do,A,9,skip,exam-eligibility,メンタルヘルス・マネジメント検定II種の学歴要件と受験資格,非公開（archived）,no,,n/a,no,no,other,,
exemption-system,受験・申込,メンタルヘルス・マネジメント検定II種の免除制度,archived,A制度,do,A,9,skip,exam-eligibility,メンタルヘルス・マネジメント検定II種の免除制度,非公開（archived）,no,,n/a,no,no,other,,
first-time-exam-guide,試験概要,メンタルヘルス・マネジメント検定II種の初めて受験する人向けガイド,archived,A制度,do,C,9,skip,study-plan,メンタルヘルス・マネジメント検定II種の初めて受験する人向けガイド,非公開（archived）,no,,n/a,no,no,other,,
reschedule-and-absence,受験・申込,メンタルヘルス・マネジメント検定II種の欠席・再受験の手続き,archived,A制度,do,A,9,skip,exam-schedule,メンタルヘルス・マネジメント検定II種の欠席・再受験の手続き,非公開（archived）,no,,n/a,no,no,other,,
work-experience-requirement,受験・申込,メンタルヘルス・マネジメント検定II種の実務経験と受験資格,archived,A制度,do,A,9,skip,exam-eligibility,メンタルヘルス・マネジメント検定II種の実務経験と受験資格,非公開（archived）,no,,n/a,no,no,other,,
new-topics-trend,出題・形式,メンタルヘルス・マネジメント検定II種の近年の出題トレンド,archived,B形式,do,C,7,skip,syllabus-how-to-read,メンタルヘルス・マネジメント検定II種の近年の出題トレンド,非公開（archived）,no,,n/a,no,no,other,,
scope-revision-history,出題・形式,メンタルヘルス・マネジメント検定II種の出題範囲の改定履歴,archived,B形式,do,C,7,skip,syllabus-how-to-read,メンタルヘルス・マネジメント検定II種の出題範囲の改定履歴,非公開（archived）,no,,n/a,no,no,other,,
scope-vs-past-questions,出題・形式,メンタルヘルス・マネジメント検定II種の出題範囲と過去問の対応,archived,B形式,do,C,7,skip,syllabus-how-to-read,メンタルヘルス・マネジメント検定II種の出題範囲と過去問の対応,非公開（archived）,no,,n/a,no,no,other,,
weight-by-topic,出題・形式,メンタルヘルス・マネジメント検定II種の分野別配点と優先順位,archived,B形式,do,C,7,skip,subject-breakdown,メンタルヘルス・マネジメント検定II種の分野別配点と優先順位,非公開（archived）,no,,n/a,no,no,other,,
cbt-computer-exam,出題・形式,メンタルヘルス・マネジメント検定II種のCBT・マークシート対策,archived,B形式,do,C,5,skip,,メンタルヘルス・マネジメント検定II種のCBT・マークシート対策,非公開（archived）,no,,n/a,no,no,other,,
difficulty-for-beginners,合格・難易度,メンタルヘルス・マネジメント検定II種の初学者向け難易度の見方,archived,C難易度,do,A,38,skip,,メンタルヘルス・マネジメント検定II種の初学者向け難易度の見方,非公開（archived）,no,,n/a,no,no,other,,
pass-rate-how-to-read,合格・難易度,メンタルヘルス・マネジメント検定II種の合格率・統計の読み方,archived,C難易度,do,A,38,skip,,メンタルヘルス・マネジメント検定II種の合格率・統計の読み方,非公開（archived）,no,,n/a,no,no,other,,
almost-correct-review,復習・苦手克服,メンタルヘルス・マネジメント検定II種の惜しい問題の見直し方,archived,D学習,do,C,24,skip,,メンタルヘルス・マネジメント検定II種の惜しい問題の見直し方,非公開（archived）,no,,n/a,no,no,other,,
note-taking-method,復習・苦手克服,メンタルヘルス・マネジメント検定II種のノートの取り方,archived,D学習,do,C,8,skip,study-plan,メンタルヘルス・マネジメント検定II種のノートの取り方,非公開（archived）,no,,n/a,no,no,other,,
self-study-mistakes,独学対策,メンタルヘルス・マネジメント検定II種の独学のよくある失敗,archived,D学習,do,B,8,skip,study-plan,メンタルヘルス・マネジメント検定II種の独学のよくある失敗,非公開（archived）,no,,n/a,no,no,other,,
textbook-vs-past-questions,独学対策,メンタルヘルス・マネジメント検定II種のテキストと過去問の優先順位,archived,D学習,do,B,8,skip,textbook-selection,メンタルヘルス・マネジメント検定II種のテキストと過去問の優先順位,非公開（archived）,no,,n/a,no,no,other,,
time-management,学習計画,メンタルヘルス・マネジメント検定II種の時間管理と習慣化,archived,D学習,do,B,8,skip,study-plan,メンタルヘルス・マネジメント検定II種の時間管理と習慣化,非公開（archived）,no,,n/a,no,no,other,,
field-law-past-question-focus,分野別対策,メンタルヘルス・マネジメント検定II種の基礎・役割の過去問傾向,archived,E分野,do,B,56,skip,,メンタルヘルス・マネジメント検定II種の基礎・役割の過去問傾向,非公開（archived）,no,law,ok,no,no,field,,
field-limit-past-question-focus,分野別対策,メンタルヘルス・マネジメント検定II種の相談・連携・復職の過去問傾向,archived,E分野,do,B,56,skip,,メンタルヘルス・マネジメント検定II種の相談・連携・復職の過去問傾向,非公開（archived）,no,limit,ok,no,no,field,,
field-rights-past-question-focus,分野別対策,メンタルヘルス・マネジメント検定II種の職場環境・配慮の過去問傾向,archived,E分野,do,B,56,skip,,メンタルヘルス・マネジメント検定II種の職場環境・配慮の過去問傾向,非公開（archived）,no,rights,ok,no,no,field,,
field-law-calculation,分野別対策,メンタルヘルス・マネジメント検定II種の基礎・役割の数値問題,archived,E分野,do,B,6,skip,field-law-basics,メンタルヘルス・マネジメント検定II種の基礎・役割の数値問題,非公開（archived）,no,law,ok,no,no,field,,
field-law-case-study,分野別対策,メンタルヘルス・マネジメント検定II種の基礎・役割の事例・ケース,archived,E分野,do,B,6,skip,field-law-basics,メンタルヘルス・マネジメント検定II種の基礎・役割の事例・ケース,非公開（archived）,no,law,ok,no,no,field,,
field-law-frequent-topics,分野別対策,メンタルヘルス・マネジメント検定II種の基礎・役割の頻出論点,archived,E分野,do,B,6,skip,field-law-basics,メンタルヘルス・マネジメント検定II種の基礎・役割の頻出論点,非公開（archived）,no,law,ok,no,no,field,,
field-limit-calculation,分野別対策,メンタルヘルス・マネジメント検定II種の相談・連携・復職の数値,archived,E分野,do,B,6,skip,field-limit-basics,メンタルヘルス・マネジメント検定II種の相談・連携・復職の数値,非公開（archived）,no,limit,ok,no,no,field,,
field-limit-case-study,分野別対策,メンタルヘルス・マネジメント検定II種の相談・連携・復職の事例・ケース,archived,E分野,do,B,6,skip,field-limit-basics,メンタルヘルス・マネジメント検定II種の相談・連携・復職の事例・ケース,非公開（archived）,no,limit,ok,no,no,field,,
field-limit-frequent-topics,分野別対策,メンタルヘルス・マネジメント検定II種の相談・連携・復職の頻出論点,archived,E分野,do,B,6,skip,field-limit-basics,メンタルヘルス・マネジメント検定II種の相談・連携・復職の頻出論点,非公開（archived）,no,limit,ok,no,no,field,,
field-rights-calculation,分野別対策,メンタルヘルス・マネジメント検定II種の職場環境・配慮の数値,archived,E分野,do,B,6,skip,field-rights-basics,メンタルヘルス・マネジメント検定II種の職場環境・配慮の数値,非公開（archived）,no,rights,ok,no,no,field,,
field-rights-case-study,分野別対策,メンタルヘルス・マネジメント検定II種の職場環境・配慮の事例・ケース,archived,E分野,do,B,6,skip,field-rights-basics,メンタルヘルス・マネジメント検定II種の職場環境・配慮の事例・ケース,非公開（archived）,no,rights,ok,no,no,field,,
field-rights-frequent-topics,分野別対策,メンタルヘルス・マネジメント検定II種の職場環境・配慮の頻出論点,archived,E分野,do,B,6,skip,field-rights-basics,メンタルヘルス・マネジメント検定II種の職場環境・配慮の頻出論点,非公開（archived）,no,rights,ok,no,no,field,,
simulation-exam-schedule,過去問活用,メンタルヘルス・マネジメント検定II種の模試日程と学習計画,archived,E過去問,do,A,34,skip,,メンタルヘルス・マネジメント検定II種の模試日程と学習計画,非公開（archived）,no,,n/a,no,no,other,,
ichimon-practice,過去問活用,メンタルヘルス・マネジメント検定II種の一問一答の活用法,archived,E過去問,do,B,28,skip,,メンタルヘルス・マネジメント検定II種の一問一答の活用法,非公開（archived）,no,,n/a,no,no,other,,
past-questions-by-year,過去問活用,メンタルヘルス・マネジメント検定II種の年度別過去問の解き方,archived,E過去問,do,B,28,skip,,メンタルヘルス・マネジメント検定II種の年度別過去問の解き方,非公開（archived）,no,,n/a,no,no,other,,
past-questions-first-attempt,過去問活用,メンタルヘルス・マネジメント検定II種の過去問の初回の解き方,archived,E過去問,do,B,28,skip,,メンタルヘルス・マネジメント検定II種の過去問の初回の解き方,非公開（archived）,no,,n/a,no,no,other,,
past-questions-latest-year,過去問活用,メンタルヘルス・マネジメント検定II種の最新年度過去問の活用法,archived,E過去問,do,B,28,skip,,メンタルヘルス・マネジメント検定II種の最新年度過去問の活用法,非公開（archived）,no,,n/a,no,no,other,,
exam-day-time-allocation,直前・当日,メンタルヘルス・マネジメント検定II種の試験当日の時間配分,archived,F直前,do,A,8,skip,final-day-checklist,メンタルヘルス・マネジメント検定II種の試験当日の時間配分,非公開（archived）,no,,n/a,no,no,other,,
exam-day-troubleshooting,直前・当日,メンタルヘルス・マネジメント検定II種の試験当日のトラブル対応,archived,F直前,do,A,8,skip,final-day-checklist,メンタルヘルス・マネジメント検定II種の試験当日のトラブル対応,非公開（archived）,no,,n/a,no,no,other,,
final-mock-last-run,直前・当日,メンタルヘルス・マネジメント検定II種の直前模試の受け方,archived,F直前,do,A,8,skip,final-day-checklist,メンタルヘルス・マネジメント検定II種の直前模試の受け方,非公開（archived）,no,,n/a,no,no,other,,
final-scope-narrowing,直前・当日,メンタルヘルス・マネジメント検定II種の直前の範囲絞り込み,archived,F直前,do,A,8,skip,final-day-checklist,メンタルヘルス・マネジメント検定II種の直前の範囲絞り込み,非公開（archived）,no,,n/a,no,no,other,,
final-sleep-and-health,直前・当日,メンタルヘルス・マネジメント検定II種の直前の睡眠と健康管理,archived,F直前,do,A,8,skip,final-day-checklist,メンタルヘルス・マネジメント検定II種の直前の睡眠と健康管理,非公開（archived）,no,,n/a,no,no,other,,
final-week-prep,直前・当日,メンタルヘルス・マネジメント検定II種の直前1週間の対策,archived,F直前,do,A,8,skip,final-day-checklist,メンタルヘルス・マネジメント検定II種の直前1週間の対策,非公開（archived）,no,,n/a,no,no,other,,
mental-prep-exam-day,直前・当日,メンタルヘルス・マネジメント検定II種の試験当日のメンタル対策,archived,F直前,do,A,8,skip,final-day-checklist,メンタルヘルス・マネジメント検定II種の試験当日のメンタル対策,非公開（archived）,no,,n/a,no,no,other,,
eligibility-myths,注意点・更新,メンタルヘルス・マネジメント検定II種の受験資格の誤解,archived,G合格後,do,A,30,skip,,メンタルヘルス・マネジメント検定II種の受験資格の誤解,非公開（archived）,no,,n/a,no,no,other,,
career-after-qualification,注意点・更新,メンタルヘルス・マネジメント検定II種の合格後のキャリア,archived,G合格後,do,C,18,skip,,メンタルヘルス・マネジメント検定II種の合格後のキャリア,非公開（archived）,no,,n/a,no,no,other,,
common-misconceptions,注意点・更新,メンタルヘルス・マネジメント検定II種のよくある誤解,archived,G合格後,do,C,18,skip,,メンタルヘルス・マネジメント検定II種のよくある誤解,非公開（archived）,no,,n/a,no,no,other,,
difficulty-myths,注意点・更新,メンタルヘルス・マネジメント検定II種の難易度の誤解,archived,G合格後,do,C,18,skip,,メンタルヘルス・マネジメント検定II種の難易度の誤解,非公開（archived）,no,,n/a,no,no,other,,
pass-only-past-questions-myth,注意点・更新,メンタルヘルス・マネジメント検定II種の過去問だけで合格できる誤解,archived,G合格後,do,C,18,skip,,メンタルヘルス・マネジメント検定II種の過去問だけで合格できる誤解,非公開（archived）,no,,n/a,no,no,other,,
study-hours-myth,注意点・更新,メンタルヘルス・マネジメント検定II種の勉強時間の神話,archived,G合格後,do,C,18,skip,,メンタルヘルス・マネジメント検定II種の勉強時間の神話,非公開（archived）,no,,n/a,no,no,other,,
exam-changes,注意点・更新,メンタルヘルス・マネジメント検定II種の試験制度の変更点,archived,G合格後,do,C,6,skip,syllabus-how-to-read,メンタルヘルス・マネジメント検定II種の試験制度の変更点,非公開（archived）,no,,n/a,no,no,other,,
fail-retry-plan,注意点・更新,メンタルヘルス・マネジメント検定II種の不合格からの再受験計画,archived,G合格後,do,C,6,skip,retake-strategy,メンタルヘルス・マネジメント検定II種の不合格からの再受験計画,非公開（archived）,no,,n/a,no,no,other,,
legal-revision-impact,注意点・更新,メンタルヘルス・マネジメント検定II種の法改正の学習への影響,archived,G合格後,do,C,6,skip,syllabus-how-to-read,メンタルヘルス・マネジメント検定II種の法改正の学習への影響,非公開（archived）,no,,n/a,no,no,other,,
official-info-update-habits,注意点・更新,メンタルヘルス・マネジメント検定II種の公式情報の更新確認習慣,archived,G合格後,do,C,6,skip,syllabus-how-to-read,メンタルヘルス・マネジメント検定II種の公式情報の更新確認習慣,非公開（archived）,no,,n/a,no,no,other,,
retake-schedule-adjustment,注意点・更新,メンタルヘルス・マネジメント検定II種の再受験の日程調整,archived,G合格後,do,A,6,skip,retake-strategy,メンタルヘルス・マネジメント検定II種の再受験の日程調整,非公開（archived）,no,,n/a,no,no,other,,
syllabus-update-tracker,注意点・更新,メンタルヘルス・マネジメント検定II種のシラバス·出題範囲の更新追跡,archived,G合格後,do,C,6,skip,syllabus-how-to-read,メンタルヘルス・マネジメント検定II種のシラバス·出題範囲の更新追跡,非公開（archived）,no,,n/a,no,no,other,,
calculation-drill,用語ハブ活用法,メンタルヘルス・マネジメント検定II種の計算ドリル,archived,H用語導線,know,C,4,skip,,メンタルヘルス・マネジメント検定II種の計算ドリル,非公開（archived）,no,,n/a,no,no,other,,
confusing-terms,用語ハブ活用法,メンタルヘルス・マネジメント検定II種の混同しやすい用語,archived,H用語導線,know,C,4,skip,glossary-how-to,メンタルヘルス・マネジメント検定II種の混同しやすい用語,非公開（archived）,no,,n/a,no,no,other,,
formula-memorization,用語ハブ活用法,メンタルヘルス・マネジメント検定II種の公式・計算式の覚え方,archived,H用語導線,know,C,4,skip,study-plan,メンタルヘルス・マネジメント検定II種の公式・計算式の覚え方,非公開（archived）,no,,n/a,no,no,other,,
glossary-study-method,用語ハブ活用法,メンタルヘルス・マネジメント検定II種の用語集の活用法,archived,H用語導線,know,C,4,skip,glossary-how-to,メンタルヘルス・マネジメント検定II種の用語集の活用法,非公開（archived）,no,,n/a,no,no,other,,
important-terms-list,用語ハブ活用法,メンタルヘルス・マネジメント検定II種の重要用語の押さえ方,archived,H用語導線,know,C,4,skip,glossary-how-to,メンタルヘルス・マネジメント検定II種の重要用語の押さえ方,非公開（archived）,no,,n/a,no,no,other,,
numbers-and-deadlines,用語ハブ活用法,メンタルヘルス・マネジメント検定II種の数字・期限のまとめ方,archived,H用語導線,know,C,4,skip,glossary-how-to,メンタルヘルス・マネジメント検定II種の数字・期限のまとめ方,非公開（archived）,no,,n/a,no,no,other,,
numeric-trap-choices,用語ハブ活用法,メンタルヘルス・マネジメント検定II種の数値問題の引っかけ,archived,H用語導線,know,C,4,skip,glossary-how-to,メンタルヘルス・マネジメント検定II種の数値問題の引っかけ,非公開（archived）,no,,n/a,no,no,other,,
rate-and-percentage,用語ハブ活用法,メンタルヘルス・マネジメント検定II種の割合·パーセント問題,archived,H用語導線,know,C,4,skip,glossary-how-to,メンタルヘルス・マネジメント検定II種の割合·パーセント問題,非公開（archived）,no,,n/a,no,no,other,,
related-terms-navigation,用語ハブ活用法,メンタルヘルス・マネジメント検定II種の関連用語での回遊,archived,H用語導線,know,C,4,skip,glossary-how-to,メンタルヘルス・マネジメント検定II種の関連用語での回遊,非公開（archived）,no,,n/a,no,no,other,,
terms-importance-levels,用語ハブ活用法,メンタルヘルス・マネジメント検定II種の用語の重要度の見方,archived,H用語導線,know,C,4,skip,glossary-how-to,メンタルヘルス・マネジメント検定II種の用語の重要度の見方,非公開（archived）,no,,n/a,no,no,other,,
terms-with-past-questions,用語ハブ活用法,メンタルヘルス・マネジメント検定II種の用語と過去問の併用,archived,H用語導線,know,C,4,skip,glossary-how-to,メンタルヘルス・マネジメント検定II種の用語と過去問の併用,非公開（archived）,no,,n/a,no,no,other,,
mhfa-basics,分野別対策,メンタルヘルス・マネジメント検定II種のMHFAの考え方と試験との関係,archived,I固有,do,B,36,skip,,メンタルヘルス・マネジメント検定II種のMHFAの考え方と試験との関係,非公開（archived）,no,,n/a,yes,no,other,,
work-life-balance,分野別対策,メンタルヘルス・マネジメント検定II種のワークライフバランス（WLB）と職場でできること,archived,I固有,do,B,36,skip,,メンタルヘルス・マネジメント検定II種のワークライフバランス（WLB）と職場でできること,非公開（archived）,no,,n/a,yes,no,other,,
chapter1-basics-review,出題・形式,メンタルヘルス・マネジメント検定II種｜第1章・基礎・役割の総復習｜領域①と4つのケア,archived,I固有,do,C,30,skip,,メンタルヘルス・マネジメント検定II種｜第1章・基礎・役割の総復習｜領域①と4つのケア,非公開（archived）,no,,n/a,yes,no,other,,
health-checkup-mental,試験概要,メンタルヘルス・マネジメント検定II種の健康診断とメンタルヘルス,archived,I固有,do,C,30,skip,,メンタルヘルス・マネジメント検定II種の健康診断とメンタルヘルス,非公開（archived）,no,,n/a,yes,no,other,,
health-promotion-plan,試験概要,メンタルヘルス・マネジメント検定II種の健康保持増進計画·健康経営,archived,I固有,do,C,30,skip,,メンタルヘルス・マネジメント検定II種の健康保持増進計画·健康経営,非公開（archived）,no,,n/a,yes,no,other,,
active-listening,用語ハブ活用法,メンタルヘルス・マネジメント検定II種の傾聴・アクティブリスニング,archived,I固有,know,C,8,skip,glossary-how-to,メンタルヘルス・マネジメント検定II種の傾聴・アクティブリスニング,非公開（archived）,no,,n/a,yes,no,other,,
eap-guide,用語ハブ活用法,メンタルヘルス・マネジメント検定II種,archived,I固有,know,C,8,skip,glossary-how-to,メンタルヘルス・マネジメント検定II種,非公開（archived）,no,,n/a,yes,no,other,,
exam-day-guide,直前・当日,試験当日の流れと注意点｜メンタルヘルス二種マスター受験ガイド,archived,I固有,do,A,8,skip,study-plan,試験当日の流れと注意点｜メンタルヘルス二種マスター受験ガイド,非公開（archived）,no,,n/a,yes,no,other,,
line-care,用語ハブ活用法,メンタルヘルス・マネジメント検定II種,archived,I固有,know,C,8,skip,glossary-how-to,メンタルヘルス・マネジメント検定II種,非公開（archived）,no,,n/a,yes,no,other,,
occupational-physician,用語ハブ活用法,メンタルヘルス・マネジメント検定II種,archived,I固有,know,C,8,skip,glossary-how-to,メンタルヘルス・マネジメント検定II種,非公開（archived）,no,,n/a,yes,no,other,,
power-harassment,用語ハブ活用法,メンタルヘルス・マネジメント検定II種のパワーハラスメント（パワハラ）,archived,I固有,know,C,8,skip,glossary-how-to,メンタルヘルス・マネジメント検定II種のパワーハラスメント（パワハラ）,非公開（archived）,no,,n/a,yes,no,other,,
reasonable-accommodation,用語ハブ活用法,メンタルヘルス・マネジメント検定II種の合理的配慮,archived,I固有,know,C,8,skip,glossary-how-to,メンタルヘルス・マネジメント検定II種の合理的配慮,非公開（archived）,no,,n/a,yes,no,other,,
retake-exam-guide,独学対策,メンタルヘルス・マネジメント検定II種の不合格からの再受験,archived,I固有,do,B,8,skip,study-plan,メンタルヘルス・マネジメント検定II種の不合格からの再受験,非公開（archived）,no,,n/a,yes,no,other,,
safety-consideration,用語ハブ活用法,メンタルヘルス・マネジメント検定II種の安全配慮義務,archived,I固有,know,C,8,skip,glossary-how-to,メンタルヘルス・マネジメント検定II種の安全配慮義務,非公開（archived）,no,,n/a,yes,no,other,,
sexual-harassment,用語ハブ活用法,メンタルヘルス・マネジメント検定II種のセクシュアルハラスメント（セクハラ）,archived,I固有,know,C,8,skip,glossary-how-to,メンタルヘルス・マネジメント検定II種のセクシュアルハラスメント（セクハラ）,非公開（archived）,no,,n/a,yes,no,other,,
stress-check,用語ハブ活用法,メンタルヘルス・マネジメント検定II種のストレスチェック制度,archived,I固有,know,C,8,skip,glossary-how-to,メンタルヘルス・マネジメント検定II種のストレスチェック制度,非公開（archived）,no,,n/a,yes,no,other,,
affiliate-qualification-support-service,受験・申込,メンタルヘルス・マネジメント検定II種の受験支援サービスの選び方,draft,Jアフィ,buy,A,62,skip,,メンタルヘルス・マネジメント検定II種の受験支援サービスの選び方,非公開（draft）,no,,n/a,no,no,affiliate,,
affiliate-beginner-material-set,学習計画,メンタルヘルス・マネジメント検定II種の初学者向け教材セット,draft,Jアフィ,buy,B,56,skip,,メンタルヘルス・マネジメント検定II種の初学者向け教材セット,非公開（draft）,no,,n/a,no,no,affiliate,,
affiliate-correspondence-course,独学対策,メンタルヘルス・マネジメント検定II種の通信講座比較【2026年度版·独学併用】,draft,Jアフィ,buy,B,56,skip,,メンタルヘルス・マネジメント検定II種の通信講座比較【2026年度版·独学併用】,非公開（draft）,no,,n/a,no,no,affiliate,,
affiliate-cram-school,独学対策,メンタルヘルス・マネジメント検定II種の資格学校・通学講座の選び方,draft,Jアフィ,buy,B,56,skip,,メンタルヘルス・マネジメント検定II種の資格学校・通学講座の選び方,非公開（draft）,no,,n/a,no,no,affiliate,,
affiliate-free-vs-paid-study,独学対策,メンタルヘルス・マネジメント検定II種の無料と有料教材の使い分け,draft,Jアフィ,buy,B,56,skip,,メンタルヘルス・マネジメント検定II種の無料と有料教材の使い分け,非公開（draft）,no,,n/a,no,no,affiliate,,
affiliate-mock-exam-materials,過去問活用,メンタルヘルス・マネジメント検定II種の模試・予想問題の選び方,draft,Jアフィ,buy,B,56,skip,,メンタルヘルス・マネジメント検定II種の模試・予想問題の選び方,非公開（draft）,no,,n/a,no,no,affiliate,,
affiliate-online-course-compare,独学対策,メンタルヘルス・マネジメント検定II種のオンライン講座比較【動画·2026年度版】,draft,Jアフィ,buy,B,56,skip,,メンタルヘルス・マネジメント検定II種のオンライン講座比較【動画·2026年度版】,非公開（draft）,no,,n/a,no,no,affiliate,,
affiliate-retake-short-course,学習計画,メンタルヘルス・マネジメント検定II種の再受験者向け短期講座,draft,Jアフィ,buy,B,56,skip,,メンタルヘルス・マネジメント検定II種の再受験者向け短期講座,非公開（draft）,no,,n/a,no,no,affiliate,,
